League,Season,Stage,Player,Team,GP,MIN,FGM,FGA,3PM,3PA,FTM,FTA,ORB,DRB,REB,AST,STL,BLK,PTS,TOV,PF,PTS_per_min,REB_per_min,AST_per_min,STL_per_min,BLK_per_min,TOV_per_min,3P_pct,FT_pct,FG_pct
NBA,2016 - 2017,Playoffs,LeBron James,CLE,18,744.2,217,384,44,107,113,162,19,145,164,141,35,23,591,72,43,0.7941413598495027,0.22037086804622413,0.18946519752754634,0.04703036818059661,0.030905670518677774,0.09674818597151302,0.411214953271028,0.6975308641975309,0.5651041666666666
NBA,2016 - 2017,Playoffs,Stephen Curry,GSW,17,600.8,151,312,72,172,103,114,23,84,107,114,34,4,477,58,37,0.7939414114513982,0.17809587217043943,0.18974700399467379,0.05659121171770973,0.006657789613848203,0.09653794940079895,0.4186046511627907,0.9035087719298246,0.483974358974359
NBA,2016 - 2017,Playoffs,Kyrie Irving,CLE,18,653.3,173,370,44,118,76,84,13,38,51,95,23,8,466,48,38,0.7133016990662789,0.07806520740854125,0.14541558242767488,0.03520587785091076,0.01224552273075157,0.07347313638450942,0.3728813559322034,0.9047619047619048,0.46756756756756757
NBA,2016 - 2017,Playoffs,Kevin Durant,GSW,15,533.1,149,268,38,86,92,103,16,103,119,64,12,20,428,38,39,0.8028512474207465,0.22322265991371223,0.12005252297880323,0.022509848058525603,0.03751641343087601,0.07128118551866441,0.4418604651162791,0.8932038834951457,0.5559701492537313
NBA,2016 - 2017,Playoffs,John Wall,WAS,13,506.5,127,281,21,61,78,93,7,41,48,134,21,15,353,55,26,0.6969397828232972,0.0947680157946693,0.26456071076011844,0.04146100691016782,0.029615004935834157,0.10858835143139191,0.3442622950819672,0.8387096774193549,0.45195729537366547
NBA,2016 - 2017,Playoffs,Isaiah Thomas,BOS,15,520.7,111,261,36,108,91,111,5,42,47,100,13,2,349,50,35,0.6702515844056077,0.090263107355483,0.19204916458613402,0.024966391396197423,0.003840983291722681,0.09602458229306701,0.3333333333333333,0.8198198198198198,0.42528735632183906
NBA,2016 - 2017,Playoffs,Kawhi Leonard,SAS,12,429.1,106,202,25,55,95,102,19,74,93,55,20,6,332,26,21,0.7737124213470054,0.2167326963411792,0.1281752505243533,0.04660918200885574,0.013982754602656723,0.060591936611512465,0.45454545454545453,0.9313725490196079,0.5247524752475248
NBA,2016 - 2017,Playoffs,Bradley Beal,WAS,13,505.4,122,259,29,101,50,61,15,29,44,35,21,8,323,27,38,0.6390977443609023,0.08705975464978236,0.06925207756232687,0.04155124653739612,0.015829046299960427,0.053423031262366444,0.2871287128712871,0.819672131147541,0.47104247104247104
NBA,2016 - 2017,Playoffs,James Harden,HOU,11,406.7,90,218,32,115,101,115,7,53,60,93,21,5,313,59,43,0.7696090484386526,0.1475288910745021,0.22866978116547826,0.05163511187607573,0.012294074256208508,0.1450700762232604,0.2782608695652174,0.8782608695652174,0.41284403669724773
NBA,2016 - 2017,Playoffs,Kevin Love,CLE,18,577.6,95,218,50,111,63,75,36,155,191,30,21,16,303,31,46,0.524584487534626,0.3306786703601108,0.05193905817174515,0.036357340720221606,0.027700831024930747,0.053670360110803325,0.45045045045045046,0.84,0.43577981651376146
NBA,2016 - 2017,Playoffs,Avery Bradley,BOS,18,644.7,120,272,40,114,21,27,18,53,71,41,23,3,301,31,40,0.46688382193268185,0.11012874205056615,0.06359547076159454,0.03567550798821157,0.004653327128897161,0.048084380331937335,0.3508771929824561,0.7777777777777778,0.4411764705882353
NBA,2016 - 2017,Playoffs,Al Horford,BOS,18,609.9,111,190,27,52,22,29,31,87,118,97,15,14,271,33,33,0.4443351369076898,0.19347434005574685,0.15904246597802918,0.02459419576979833,0.02295458271847844,0.05410723069355632,0.5192307692307693,0.7586206896551724,0.5842105263157895
NBA,2016 - 2017,Playoffs,Gordon Hayward,UTA,11,410.7,83,188,28,68,71,76,7,60,67,37,10,3,265,24,23,0.6452398344290237,0.16313610908205503,0.09009009009009009,0.024348672997321647,0.007304601899196494,0.05843681519357195,0.4117647058823529,0.9342105263157895,0.44148936170212766
NBA,2016 - 2017,Playoffs,LaMarcus Aldridge,SAS,16,537.3,110,240,2,14,42,55,43,76,119,24,10,16,264,28,41,0.4913456169737577,0.22147775916620138,0.0446677833612507,0.018611576400521124,0.029778522240833803,0.052112413921459155,0.14285714285714285,0.7636363636363637,0.4583333333333333
NBA,2016 - 2017,Playoffs,Klay Thompson,GSW,17,595.6,94,237,41,106,26,33,11,55,66,35,14,5,255,25,44,0.42813969106783073,0.11081262592343855,0.05876427132303559,0.02350570852921424,0.0083948959032908,0.04197447951645399,0.3867924528301887,0.7878787878787878,0.39662447257383965
NBA,2016 - 2017,Playoffs,Jae Crowder,BOS,18,596.0,87,200,31,88,40,48,20,95,115,48,19,6,245,12,52,0.4110738255033557,0.1929530201342282,0.08053691275167785,0.031879194630872486,0.010067114093959731,0.020134228187919462,0.3522727272727273,0.8333333333333334,0.435
NBA,2016 - 2017,Playoffs,DeMar DeRozan,TOR,10,373.2,76,175,1,15,71,80,4,45,49,34,14,0,224,25,26,0.6002143622722401,0.13129689174705253,0.09110396570203644,0.03751339764201501,0.0,0.0669882100750268,0.06666666666666667,0.8875,0.4342857142857143
NBA,2016 - 2017,Playoffs,Draymond Green,GSW,17,592.5,72,161,32,78,46,67,20,135,155,110,32,28,222,35,60,0.37468354430379747,0.2616033755274262,0.18565400843881857,0.0540084388185654,0.04725738396624472,0.05907172995780591,0.41025641025641024,0.6865671641791045,0.4472049689440994
NBA,2016 - 2017,Playoffs,Russell Westbrook,OKC,5,194.5,59,152,13,49,56,70,9,49,58,54,12,2,187,30,16,0.961439588688946,0.2982005141388175,0.2776349614395887,0.061696658097686374,0.010282776349614395,0.15424164524421594,0.2653061224489796,0.8,0.3881578947368421
NBA,2016 - 2017,Playoffs,Chris Paul,LAC,7,260.2,67,135,14,38,29,33,4,31,35,69,12,1,177,19,24,0.6802459646425827,0.1345119139123751,0.26518063028439665,0.046118370484242895,0.0038431975403535744,0.07302075326671792,0.3684210526315789,0.8787878787878788,0.4962962962962963
NBA,2016 - 2017,Playoffs,Kelly Olynyk,BOS,18,346.4,64,125,15,47,22,30,14,43,57,34,13,14,165,22,47,0.4763279445727483,0.16454965357967669,0.09815242494226328,0.03752886836027714,0.04041570438799077,0.06351039260969978,0.3191489361702128,0.7333333333333333,0.512
NBA,2016 - 2017,Playoffs,Patty Mills,SAS,16,416.4,57,140,32,89,19,22,5,29,34,43,13,1,165,21,33,0.3962536023054755,0.08165225744476465,0.10326609029779059,0.031219980787704132,0.0024015369836695487,0.05043227665706052,0.3595505617977528,0.8636363636363636,0.40714285714285714
NBA,2016 - 2017,Playoffs,Otto Porter,WAS,13,428.1,58,109,11,39,31,35,15,74,89,23,22,7,158,10,26,0.36907264657790234,0.20789535155337538,0.053725765008175656,0.051389862181733234,0.01635131978509694,0.023359028264424198,0.28205128205128205,0.8857142857142857,0.5321100917431193
NBA,2016 - 2017,Playoffs,Jonathon Simmons,SAS,15,305.7,62,136,13,37,21,31,9,19,28,29,9,2,158,11,30,0.5168465816159634,0.09159306509649984,0.09486424599280341,0.029440628066732092,0.006542361792607132,0.035982989859339225,0.35135135135135137,0.6774193548387096,0.45588235294117646
NBA,2016 - 2017,Playoffs,Markieff Morris,WAS,13,373.2,59,145,14,38,25,31,18,65,83,22,12,17,157,21,46,0.4206859592711683,0.22240085744908897,0.05894962486602358,0.03215434083601286,0.04555198285101822,0.05627009646302251,0.3684210526315789,0.8064516129032258,0.4068965517241379
NBA,2016 - 2017,Playoffs,Marcus Smart,BOS,18,537.8,47,134,29,73,32,50,23,62,85,85,27,16,155,38,51,0.28821123094087026,0.15805132019338045,0.15805132019338045,0.0502045370026032,0.02975083674228338,0.07065823726292303,0.3972602739726027,0.64,0.35074626865671643
NBA,2016 - 2017,Playoffs,Giannis Antetokounmpo,MIL,6,243.0,60,112,4,10,25,46,10,47,57,24,13,10,149,20,21,0.6131687242798354,0.2345679012345679,0.09876543209876543,0.053497942386831275,0.0411522633744856,0.0823045267489712,0.4,0.5434782608695652,0.5357142857142857
NBA,2016 - 2017,Playoffs,Tristan Thompson,CLE,18,561.5,54,92,0,0,40,60,69,81,150,26,9,13,148,21,36,0.26357969723953695,0.26714158504007124,0.04630454140694568,0.016028495102404273,0.02315227070347284,0.037399821905609976,0.0,0.6666666666666666,0.5869565217391305
NBA,2016 - 2017,Playoffs,Mike Conley,MEM,6,223.6,50,103,17,38,31,37,1,19,20,42,10,3,148,12,11,0.6618962432915921,0.08944543828264759,0.18783542039355994,0.044722719141323794,0.013416815742397139,0.053667262969588556,0.4473684210526316,0.8378378378378378,0.4854368932038835
NBA,2016 - 2017,Playoffs,Dennis Schroder,ATL,6,211.5,50,110,17,40,31,37,4,10,14,46,6,0,148,10,19,0.6997635933806147,0.06619385342789598,0.21749408983451538,0.028368794326241134,0.0,0.04728132387706856,0.425,0.8378378378378378,0.45454545454545453
NBA,2016 - 2017,Playoffs,Paul Millsap,ATL,6,219.4,50,99,3,17,43,53,9,47,56,26,10,4,146,23,19,0.6654512306289881,0.2552415679124886,0.11850501367365542,0.04557885141294439,0.018231540565177756,0.1048313582497721,0.17647058823529413,0.8113207547169812,0.5050505050505051
NBA,2016 - 2017,Playoffs,J.R. Smith,CLE,18,486.6,50,99,40,80,5,11,5,37,42,13,13,6,145,12,41,0.29798602548294284,0.08631319358816276,0.026715988491574187,0.026715988491574187,0.012330456226880395,0.02466091245376079,0.5,0.45454545454545453,0.5050505050505051
NBA,2016 - 2017,Playoffs,Serge Ibaka,TOR,10,306.5,60,130,12,38,11,13,9,56,65,14,4,17,143,11,37,0.466557911908646,0.21207177814029363,0.04567699836867863,0.013050570962479609,0.05546492659053834,0.03588907014681892,0.3157894736842105,0.8461538461538461,0.46153846153846156
NBA,2016 - 2017,Playoffs,Eric Gordon,HOU,11,358.2,51,121,27,70,13,18,5,38,43,22,8,6,142,14,20,0.3964265773311,0.12004466778336126,0.06141820212171971,0.02233389168062535,0.016750418760469014,0.03908431044109436,0.38571428571428573,0.7222222222222222,0.4214876033057851
NBA,2016 - 2017,Playoffs,Joe Johnson,UTA,11,326.4,58,133,15,45,11,15,8,35,43,27,6,1,142,13,21,0.43504901960784315,0.13174019607843138,0.08272058823529413,0.01838235294117647,0.003063725490196079,0.039828431372549024,0.3333333333333333,0.7333333333333333,0.43609022556390975
NBA,2016 - 2017,Playoffs,Lou Williams,HOU,11,271.6,50,118,12,39,26,29,7,23,30,14,7,1,138,14,17,0.508100147275405,0.11045655375552282,0.05154639175257732,0.02577319587628866,0.0036818851251840938,0.05154639175257732,0.3076923076923077,0.896551724137931,0.423728813559322
NBA,2016 - 2017,Playoffs,Jimmy Butler,CHI,6,238.7,46,108,6,23,38,47,9,35,44,26,10,5,136,15,10,0.5697528278173439,0.18433179723502305,0.10892333472978635,0.04189359028068706,0.02094679514034353,0.06284038542103058,0.2608695652173913,0.8085106382978723,0.42592592592592593
NBA,2016 - 2017,Playoffs,Tony Parker,SAS,8,211.3,51,97,11,19,14,14,2,18,20,25,4,0,127,12,10,0.6010411736867013,0.0946521533364884,0.1183151916706105,0.01893043066729768,0.0,0.05679129200189304,0.5789473684210527,1.0,0.5257731958762887
NBA,2016 - 2017,Playoffs,Kyle Lowry,TOR,8,300.4,43,93,13,38,27,33,3,22,25,47,12,4,126,17,26,0.4194407456724368,0.08322237017310254,0.15645805592543277,0.03994673768308922,0.013315579227696406,0.05659121171770973,0.34210526315789475,0.8181818181818182,0.46236559139784944
NBA,2016 - 2017,Playoffs,George Hill,UTA,8,280.9,46,98,12,31,21,29,8,25,33,29,2,1,125,13,25,0.44499822000712,0.11747953008187968,0.10323958704165184,0.00711997152011392,0.00355998576005696,0.04627981488074048,0.3870967741935484,0.7241379310344828,0.46938775510204084
NBA,2016 - 2017,Playoffs,Danny Green,SAS,16,435.8,45,111,26,76,8,14,13,44,57,23,10,15,124,17,30,0.28453418999541075,0.13079394217530976,0.05277650298301973,0.02294630564479119,0.03441945846718678,0.03900871959614502,0.34210526315789475,0.5714285714285714,0.40540540540540543
NBA,2016 - 2017,Playoffs,Pau Gasol,SAS,16,365.4,50,114,6,18,17,24,39,75,114,31,7,15,123,18,35,0.33661740558292286,0.31198686371100165,0.0848385331143952,0.019157088122605366,0.04105090311986864,0.04926108374384237,0.3333333333333333,0.7083333333333334,0.43859649122807015
NBA,2016 - 2017,Playoffs,Patrick Beverley,HOU,11,324.7,45,109,21,52,11,14,21,40,61,33,16,2,122,18,38,0.3757314444102248,0.1878657222051124,0.10163227594702803,0.04927625500461965,0.006159531875577456,0.05543578688019711,0.40384615384615385,0.7857142857142857,0.41284403669724773
NBA,2016 - 2017,Playoffs,Trevor Ariza,HOU,11,412.9,41,97,23,61,13,14,8,48,56,23,14,2,118,9,25,0.2857834826834585,0.13562605957859047,0.055703560184063944,0.03390651489464762,0.004843787842092517,0.021797045289416325,0.3770491803278688,0.9285714285714286,0.422680412371134
NBA,2016 - 2017,Playoffs,Clint Capela,HOU,11,286.2,46,82,0,1,24,39,26,70,96,12,8,28,116,8,28,0.4053109713487072,0.33542976939203356,0.041928721174004195,0.027952480782669462,0.09783368273934312,0.027952480782669462,0.0,0.6153846153846154,0.5609756097560976
NBA,2016 - 2017,Playoffs,Marc Gasol,MEM,6,239.7,39,83,7,12,31,33,7,32,39,25,2,4,116,15,22,0.48393825615352526,0.16270337922403005,0.10429703796412182,0.008343763037129746,0.016687526074259492,0.0625782227784731,0.5833333333333334,0.9393939393939394,0.46987951807228917
NBA,2016 - 2017,Playoffs,Andre Iguodala,GSW,16,419.4,46,101,8,42,15,26,9,56,65,51,14,7,115,16,29,0.27420123986647593,0.15498330948974726,0.12160228898426324,0.03338102050548403,0.016690510252742013,0.038149737720553176,0.19047619047619047,0.5769230769230769,0.45544554455445546
NBA,2016 - 2017,Playoffs,Bojan Bogdanovic,WAS,13,263.9,36,87,16,45,27,32,10,46,56,9,6,1,115,8,17,0.43577112542629787,0.21220159151193635,0.034103827207275485,0.022735884804850323,0.0037893141341417205,0.030314513073133764,0.35555555555555557,0.84375,0.41379310344827586
NBA,2016 - 2017,Playoffs,Paul George,IND,4,171.6,34,88,18,42,26,30,5,30,35,29,7,2,112,13,13,0.6526806526806527,0.20396270396270397,0.168997668997669,0.04079254079254079,0.011655011655011656,0.07575757575757576,0.42857142857142855,0.8666666666666667,0.38636363636363635
NBA,2016 - 2017,Playoffs,Jonas Valanciunas,TOR,10,225.9,44,81,0,1,24,33,9,58,67,2,2,6,112,13,22,0.4957945993802567,0.2965914121292607,0.008853474988933156,0.008853474988933156,0.02656042496679947,0.05754758742806551,0.0,0.7272727272727273,0.5432098765432098
NBA,2016 - 2017,Playoffs,Damian Lillard,POR,4,150.6,39,90,9,32,24,25,4,13,17,13,5,2,111,13,11,0.7370517928286853,0.11288180610889775,0.08632138114209828,0.033200531208499334,0.013280212483399735,0.08632138114209828,0.28125,0.96,0.43333333333333335
NBA,2016 - 2017,Playoffs,Ian Clark,GSW,16,219.5,40,79,13,36,16,17,4,22,26,11,6,0,109,11,17,0.49658314350797267,0.11845102505694761,0.05011389521640091,0.02733485193621868,0.0,0.05011389521640091,0.3611111111111111,0.9411764705882353,0.5063291139240507
NBA,2016 - 2017,Playoffs,DeAndre Jordan,LAC,7,264.3,43,61,0,1,22,56,25,76,101,5,3,6,108,17,29,0.4086265607264472,0.38214150586454787,0.018917896329928113,0.011350737797956867,0.022701475595913734,0.06432084752175558,0.0,0.39285714285714285,0.7049180327868853
NBA,2016 - 2017,Playoffs,Manu Ginobili,SAS,16,284.2,40,97,9,40,17,23,10,29,39,39,16,2,106,12,28,0.3729767769176636,0.13722730471498945,0.13722730471498945,0.056298381421534135,0.007037297677691767,0.0422237860661506,0.225,0.7391304347826086,0.41237113402061853
NBA,2016 - 2017,Playoffs,Marcin Gortat,WAS,13,408.6,47,93,0,0,11,18,52,91,143,24,5,20,105,17,40,0.25697503671071953,0.3499755261869799,0.05873715124816446,0.012236906510034262,0.04894762604013705,0.041605482134116495,0.0,0.6111111111111112,0.5053763440860215
NBA,2016 - 2017,Playoffs,Kyle Korver,CLE,18,326.2,34,80,27,69,10,10,2,28,30,13,7,5,105,7,22,0.3218884120171674,0.09196811771919068,0.039852851011649294,0.02145922746781116,0.015328019619865114,0.02145922746781116,0.391304347826087,1.0,0.425
NBA,2016 - 2017,Playoffs,Norman Powell,TOR,9,227.2,35,82,15,34,20,24,5,23,28,14,10,3,105,15,25,0.4621478873239437,0.12323943661971831,0.061619718309859156,0.04401408450704226,0.013204225352112678,0.06602112676056339,0.4411764705882353,0.8333333333333334,0.4268292682926829
NBA,2016 - 2017,Playoffs,Rudy Gobert,UTA,9,246.1,40,63,0,0,24,50,22,67,89,11,9,12,104,9,30,0.42259244209670865,0.36164160910199106,0.04469727752945957,0.03657049979683056,0.048760666395774074,0.03657049979683056,0.0,0.48,0.6349206349206349
NBA,2016 - 2017,Playoffs,Ryan Anderson,HOU,11,335.7,36,92,17,60,14,16,15,42,57,7,4,2,103,9,24,0.3068215668751862,0.16979445933869527,0.020851951146857315,0.011915400655347037,0.005957700327673518,0.02680965147453083,0.2833333333333333,0.875,0.391304347826087
NBA,2016 - 2017,Playoffs,Rodney Hood,UTA,11,277.0,37,105,13,50,11,18,1,29,30,12,5,0,98,10,30,0.35379061371841153,0.10830324909747292,0.04332129963898917,0.018050541516245487,0.0,0.036101083032490974,0.26,0.6111111111111112,0.3523809523809524
NBA,2016 - 2017,Playoffs,Gerald Green,BOS,13,192.4,34,72,21,45,8,9,2,18,20,9,3,1,97,7,21,0.5041580041580042,0.10395010395010394,0.04677754677754677,0.015592515592515592,0.005197505197505197,0.036382536382536385,0.4666666666666667,0.8888888888888888,0.4722222222222222
NBA,2016 - 2017,Playoffs,Terry Rozier,BOS,17,277.2,33,82,14,38,16,20,12,32,44,32,11,4,96,10,20,0.34632034632034636,0.15873015873015875,0.11544011544011544,0.03968253968253969,0.01443001443001443,0.03607503607503608,0.3684210526315789,0.8,0.4024390243902439
NBA,2016 - 2017,Playoffs,JaVale McGee,GSW,16,148.5,41,56,0,0,13,18,22,26,48,4,2,15,95,8,31,0.6397306397306397,0.32323232323232326,0.026936026936026935,0.013468013468013467,0.10101010101010101,0.05387205387205387,0.0,0.7222222222222222,0.7321428571428571
NBA,2016 - 2017,Playoffs,Maybyner Nene,HOU,9,161.2,36,51,0,1,18,31,11,31,42,5,6,4,90,9,24,0.5583126550868487,0.26054590570719605,0.031017369727047148,0.03722084367245658,0.02481389578163772,0.05583126550868487,0.0,0.5806451612903226,0.7058823529411765
NBA,2016 - 2017,Playoffs,Dwyane Wade,CHI,6,190.1,32,86,6,17,20,21,6,24,30,24,5,8,90,10,8,0.47343503419253025,0.15781167806417676,0.1262493424513414,0.026301946344029457,0.04208311415044713,0.052603892688058915,0.35294117647058826,0.9523809523809523,0.37209302325581395
NBA,2016 - 2017,Playoffs,C.J. McCollum,POR,4,140.3,32,80,11,22,15,16,8,16,24,4,4,2,90,15,10,0.6414825374198146,0.17106200997861723,0.028510334996436206,0.028510334996436206,0.014255167498218103,0.10691375623663577,0.5,0.9375,0.4
NBA,2016 - 2017,Playoffs,Channing Frye,CLE,12,154.1,31,60,20,39,6,7,0,22,22,13,3,4,88,2,11,0.5710577547047372,0.1427644386761843,0.08436080467229072,0.01946787800129786,0.025957170668397145,0.012978585334198572,0.5128205128205128,0.8571428571428571,0.5166666666666667
NBA,2016 - 2017,Playoffs,Jamal Crawford,LAC,7,195.6,35,83,6,25,12,12,2,7,9,13,4,1,88,9,12,0.4498977505112475,0.046012269938650305,0.06646216768916155,0.02044989775051125,0.005112474437627812,0.046012269938650305,0.24,1.0,0.42168674698795183
NBA,2016 - 2017,Playoffs,Khris Middleton,MIL,6,231.2,31,78,7,19,18,22,0,28,28,32,12,0,87,11,17,0.3762975778546713,0.12110726643598617,0.1384083044982699,0.051903114186851215,0.0,0.04757785467128028,0.3684210526315789,0.8181818181818182,0.3974358974358974
NBA,2016 - 2017,Playoffs,Jaylen Brown,BOS,17,214.8,34,71,5,23,12,18,12,24,36,13,6,2,85,13,26,0.3957169459962756,0.16759776536312848,0.06052141527001862,0.027932960893854747,0.009310986964618248,0.06052141527001862,0.21739130434782608,0.6666666666666666,0.4788732394366197
NBA,2016 - 2017,Playoffs,Kyle Anderson,SAS,15,194.7,36,64,3,10,8,11,12,34,46,25,10,2,83,7,8,0.4262968669748331,0.23626091422701592,0.12840267077555215,0.05136106831022086,0.010272213662044172,0.0359527478171546,0.3,0.7272727272727273,0.5625
NBA,2016 - 2017,Playoffs,Derrick Favors,UTA,11,224.8,36,62,0,0,11,23,15,45,60,10,8,6,83,4,25,0.3692170818505338,0.2669039145907473,0.04448398576512455,0.03558718861209964,0.02669039145907473,0.01779359430604982,0.0,0.4782608695652174,0.5806451612903226
NBA,2016 - 2017,Playoffs,Greg Monroe,MIL,6,141.1,27,51,0,0,25,30,17,27,44,10,8,3,79,11,16,0.5598866052445075,0.3118355776045358,0.07087172218284904,0.05669737774627924,0.021261516654854713,0.07795889440113395,0.0,0.8333333333333334,0.5294117647058824
NBA,2016 - 2017,Playoffs,Cory Joseph,TOR,10,211.9,31,71,9,22,8,8,4,17,21,31,4,2,79,14,17,0.37281736668239734,0.09910335063709297,0.146295422369042,0.018876828692779613,0.009438414346389807,0.06606890042472864,0.4090909090909091,1.0,0.43661971830985913
NBA,2016 - 2017,Playoffs,Zach Randolph,MEM,6,191.4,35,83,1,7,8,11,9,40,49,4,5,2,79,7,14,0.412748171368861,0.2560083594566353,0.02089864158829676,0.02612330198537095,0.01044932079414838,0.03657262277951933,0.14285714285714285,0.7272727272727273,0.42168674698795183
NBA,2016 - 2017,Playoffs,Deron Williams,CLE,18,262.3,28,64,12,31,10,11,3,20,23,38,10,1,78,17,29,0.29736942432329394,0.08768585589020206,0.14487228364468166,0.03812428516965307,0.0038124285169653066,0.06481128478841021,0.3870967741935484,0.9090909090909091,0.4375
NBA,2016 - 2017,Playoffs,Zaza Pachulia,GSW,15,211.6,32,60,0,1,13,17,17,39,56,12,7,4,77,14,32,0.3638941398865785,0.26465028355387527,0.05671077504725898,0.03308128544423441,0.01890359168241966,0.06616257088846882,0.0,0.7647058823529411,0.5333333333333333
NBA,2016 - 2017,Playoffs,Tim Hardaway Jr.,ATL,6,200.4,27,82,11,42,12,19,3,13,16,7,3,0,77,10,13,0.3842315369261477,0.07984031936127745,0.03493013972055888,0.014970059880239521,0.0,0.0499001996007984,0.2619047619047619,0.631578947368421,0.32926829268292684
NBA,2016 - 2017,Playoffs,David West,GSW,17,221.2,34,59,1,2,7,9,7,39,46,36,7,13,76,10,26,0.3435804701627487,0.20795660036166366,0.162748643761302,0.03164556962025317,0.05877034358047017,0.045207956600361664,0.5,0.7777777777777778,0.576271186440678
NBA,2016 - 2017,Playoffs,Robin Lopez,CHI,6,162.1,34,52,0,0,8,8,28,15,43,5,3,6,76,8,13,0.4688463911165947,0.2652683528685996,0.030845157310302282,0.01850709438618137,0.03701418877236274,0.049352251696483655,0.0,1.0,0.6538461538461539
NBA,2016 - 2017,Playoffs,Iman Shumpert,CLE,17,274.9,25,60,10,26,14,17,6,41,47,16,10,3,74,6,32,0.2691887959257912,0.17097126227719173,0.058202982902873776,0.03637686431429611,0.010913059294288834,0.021826118588577668,0.38461538461538464,0.8235294117647058,0.4166666666666667
NBA,2016 - 2017,Playoffs,Shaun Livingston,GSW,14,219.9,34,59,0,0,5,7,10,19,29,20,5,2,73,10,24,0.33196907685311505,0.1318781264211005,0.09095043201455207,0.022737608003638016,0.009095043201455207,0.04547521600727603,0.0,0.7142857142857143,0.576271186440678
NBA,2016 - 2017,Playoffs,Joe Ingles,UTA,11,333.4,25,62,15,41,6,9,2,39,41,36,22,5,71,16,28,0.21295740851829636,0.1229754049190162,0.10797840431913618,0.06598680263947211,0.014997000599880026,0.04799040191961608,0.36585365853658536,0.6666666666666666,0.4032258064516129
NBA,2016 - 2017,Playoffs,"Kelly Oubre, Jr.",WAS,12,184.2,26,61,11,30,7,10,9,19,28,4,10,5,70,7,38,0.3800217155266015,0.15200868621064062,0.02171552660152009,0.05428881650380022,0.02714440825190011,0.038002171552660155,0.36666666666666664,0.7,0.4262295081967213
NBA,2016 - 2017,Playoffs,Jeff Teague,IND,4,142.4,22,45,9,17,15,18,0,13,13,25,4,3,68,8,12,0.47752808988764045,0.09129213483146068,0.17556179775280897,0.028089887640449437,0.021067415730337078,0.056179775280898875,0.5294117647058824,0.8333333333333334,0.4888888888888889
NBA,2016 - 2017,Playoffs,Taurean Prince,ATL,6,187.1,29,52,4,14,5,5,7,25,32,8,2,1,67,7,9,0.35809727418492787,0.17103153393907003,0.04275788348476751,0.010689470871191877,0.005344735435595938,0.03741314804917157,0.2857142857142857,1.0,0.5576923076923077
NBA,2016 - 2017,Playoffs,Lance Stephenson,IND,4,107.2,27,53,7,18,3,4,1,20,21,11,2,0,64,4,11,0.5970149253731343,0.19589552238805968,0.10261194029850745,0.018656716417910446,0.0,0.03731343283582089,0.3888888888888889,0.75,0.5094339622641509
NBA,2016 - 2017,Playoffs,J.J. Redick,LAC,7,205.7,19,50,9,26,17,20,0,12,12,6,2,0,64,13,17,0.31113271754982985,0.0583373845405931,0.02916869227029655,0.009722897423432183,0.0,0.0631988332523092,0.34615384615384615,0.85,0.38
NBA,2016 - 2017,Playoffs,Boris Diaw,UTA,11,202.8,24,48,6,14,9,10,3,18,21,22,7,4,63,14,12,0.3106508875739645,0.10355029585798815,0.10848126232741617,0.03451676528599605,0.01972386587771203,0.0690335305719921,0.42857142857142855,0.9,0.5
NBA,2016 - 2017,Playoffs,Dejounte Murray,SAS,11,168.2,23,61,0,3,17,25,4,23,27,27,16,1,63,16,14,0.37455410225921526,0.16052318668252083,0.16052318668252083,0.09512485136741974,0.005945303210463734,0.09512485136741974,0.0,0.68,0.3770491803278688
NBA,2016 - 2017,Playoffs,David Lee,SAS,15,245.2,25,48,0,1,11,17,20,37,57,11,4,5,61,6,20,0.24877650897226755,0.23246329526916804,0.044861337683523655,0.016313213703099513,0.020391517128874388,0.024469820554649267,0.0,0.6470588235294118,0.5208333333333334
NBA,2016 - 2017,Playoffs,Patrick McCaw,GSW,15,180.8,21,48,8,23,11,13,10,23,33,16,9,3,61,3,14,0.33738938053097345,0.1825221238938053,0.08849557522123894,0.0497787610619469,0.0165929203539823,0.0165929203539823,0.34782608695652173,0.8461538461538461,0.4375
NBA,2016 - 2017,Playoffs,Blake Griffin,LAC,3,99.4,25,51,4,6,7,7,3,15,18,7,2,1,61,6,2,0.6136820925553319,0.18108651911468812,0.0704225352112676,0.02012072434607646,0.01006036217303823,0.060362173038229376,0.6666666666666666,1.0,0.49019607843137253
NBA,2016 - 2017,Playoffs,Tony Snell,MIL,6,184.6,22,44,16,31,0,0,2,12,14,9,1,1,60,2,17,0.3250270855904659,0.07583965330444203,0.04875406283856988,0.005417118093174431,0.005417118093174431,0.010834236186348862,0.5161290322580645,0.0,0.5
NBA,2016 - 2017,Playoffs,Kent Bazemore,ATL,6,150.4,21,53,7,24,10,14,4,19,23,20,4,5,59,16,15,0.39228723404255317,0.1529255319148936,0.13297872340425532,0.026595744680851064,0.03324468085106383,0.10638297872340426,0.2916666666666667,0.7142857142857143,0.39622641509433965
NBA,2016 - 2017,Playoffs,Andre Roberson,OKC,5,185.4,24,46,7,17,3,21,18,13,31,9,12,17,58,7,15,0.3128371089536138,0.16720604099244876,0.04854368932038835,0.06472491909385113,0.09169363538295577,0.037756202804746494,0.4117647058823529,0.14285714285714285,0.5217391304347826
NBA,2016 - 2017,Playoffs,Vince Carter,MEM,6,194.7,20,42,8,20,7,7,4,16,20,9,2,0,55,10,15,0.2824858757062147,0.10272213662044172,0.04622496147919877,0.010272213662044172,0.0,0.05136106831022086,0.4,1.0,0.47619047619047616
NBA,2016 - 2017,Playoffs,Richard Jefferson,CLE,14,178.5,16,38,5,19,18,28,10,15,25,7,2,3,55,8,30,0.3081232492997199,0.1400560224089636,0.0392156862745098,0.011204481792717087,0.01680672268907563,0.04481792717086835,0.2631578947368421,0.6428571428571429,0.42105263157894735
NBA,2016 - 2017,Playoffs,Malcolm Brogdon,MIL,6,183.2,22,55,10,21,0,0,3,23,26,21,3,2,54,12,12,0.29475982532751094,0.14192139737991266,0.1146288209606987,0.016375545851528384,0.01091703056768559,0.06550218340611354,0.47619047619047616,0.0,0.4
NBA,2016 - 2017,Playoffs,Shelvin Mack,UTA,9,154.5,17,49,7,15,13,15,3,22,25,18,4,0,54,9,14,0.34951456310679613,0.16181229773462782,0.11650485436893204,0.025889967637540454,0.0,0.05825242718446602,0.4666666666666667,0.8666666666666667,0.3469387755102041
NBA,2016 - 2017,Playoffs,Victor Oladipo,OKC,5,180.8,21,61,6,25,6,6,2,26,28,10,7,3,54,6,17,0.2986725663716814,0.15486725663716813,0.05530973451327433,0.03871681415929203,0.0165929203539823,0.0331858407079646,0.24,1.0,0.3442622950819672
NBA,2016 - 2017,Playoffs,Luc Mbah a Moute,LAC,7,223.8,17,43,5,16,14,20,10,24,34,7,8,4,53,3,16,0.23681858802502234,0.1519213583556747,0.03127792672028597,0.035746201966041107,0.017873100983020553,0.013404825737265414,0.3125,0.7,0.3953488372093023
NBA,2016 - 2017,Playoffs,Nikola Mirotic,CHI,6,161.9,17,50,10,35,8,10,4,26,30,9,4,3,52,4,16,0.3211859172328598,0.1852995676343422,0.055589870290302656,0.02470660901791229,0.01852995676343422,0.02470660901791229,0.2857142857142857,0.8,0.34
NBA,2016 - 2017,Playoffs,Jason Smith,WAS,13,156.9,19,39,3,10,10,14,10,20,30,4,2,8,51,10,30,0.32504780114722753,0.19120458891013384,0.025493945188017845,0.012746972594008922,0.05098789037603569,0.06373486297004462,0.3,0.7142857142857143,0.48717948717948717
NBA,2016 - 2017,Playoffs,P.J. Tucker,TOR,10,251.2,18,49,9,28,5,8,15,42,57,11,6,3,50,8,27,0.19904458598726116,0.2269108280254777,0.043789808917197456,0.02388535031847134,0.01194267515923567,0.03184713375796178,0.32142857142857145,0.625,0.3673469387755102
NBA,2016 - 2017,Playoffs,James Ennis,MEM,6,158.7,16,38,6,19,12,14,8,17,25,7,5,2,50,7,20,0.31505986137366104,0.15752993068683052,0.04410838059231254,0.031505986137366104,0.012602394454946441,0.04410838059231254,0.3157894736842105,0.8571428571428571,0.42105263157894735
NBA,2016 - 2017,Playoffs,Taj Gibson,OKC,5,118.3,21,35,0,0,7,8,3,15,18,3,1,0,49,8,13,0.41420118343195267,0.1521555367709214,0.0253592561284869,0.0084530853761623,0.0,0.0676246830092984,0.0,0.875,0.6
NBA,2016 - 2017,Playoffs,Dwight Howard,ATL,6,156.6,18,36,0,0,12,19,18,46,64,8,6,5,48,11,21,0.30651340996168586,0.4086845466155811,0.05108556832694764,0.03831417624521073,0.031928480204342274,0.070242656449553,0.0,0.631578947368421,0.5
NBA,2016 - 2017,Playoffs,Thaddeus Young,IND,4,140.0,21,39,1,4,5,10,22,14,36,10,8,1,48,6,11,0.34285714285714286,0.2571428571428571,0.07142857142857142,0.05714285714285714,0.007142857142857143,0.04285714285714286,0.25,0.5,0.5384615384615384
NBA,2016 - 2017,Playoffs,Al-Farouq Aminu,POR,4,112.8,17,37,7,17,7,11,5,21,26,4,3,4,48,9,9,0.425531914893617,0.23049645390070922,0.03546099290780142,0.026595744680851064,0.03546099290780142,0.0797872340425532,0.4117647058823529,0.6363636363636364,0.4594594594594595
NBA,2016 - 2017,Playoffs,Jerami Grant,OKC,5,110.5,19,31,2,6,6,7,7,12,19,4,1,2,46,3,7,0.416289592760181,0.17194570135746606,0.03619909502262444,0.00904977375565611,0.01809954751131222,0.027149321266968326,0.3333333333333333,0.8571428571428571,0.6129032258064516
NBA,2016 - 2017,Playoffs,Marreese Speights,LAC,7,97.9,16,37,7,20,7,10,4,16,20,3,2,3,46,3,13,0.4698672114402451,0.20429009193054135,0.030643513789581203,0.020429009193054137,0.030643513789581203,0.030643513789581203,0.35,0.7,0.43243243243243246
NBA,2016 - 2017,Playoffs,Matt Dellavedova,MIL,6,158.6,16,41,6,16,8,10,1,11,12,12,1,0,46,7,5,0.2900378310214376,0.07566204287515763,0.07566204287515763,0.006305170239596469,0.0,0.044136191677175286,0.375,0.8,0.3902439024390244
NBA,2016 - 2017,Playoffs,Dewayne Dedmon,SAS,12,96.6,14,23,0,0,17,32,21,26,47,3,2,3,45,8,16,0.46583850931677023,0.4865424430641822,0.031055900621118016,0.020703933747412008,0.031055900621118016,0.08281573498964803,0.0,0.53125,0.6086956521739131
NBA,2016 - 2017,Playoffs,Paul Zipser,CHI,6,136.0,15,33,6,16,8,8,3,18,21,3,1,1,44,7,12,0.3235294117647059,0.15441176470588236,0.022058823529411766,0.007352941176470588,0.007352941176470588,0.051470588235294115,0.375,1.0,0.45454545454545453
NBA,2016 - 2017,Playoffs,JaMychal Green,MEM,6,117.8,17,36,7,16,3,3,3,17,20,2,0,0,44,4,21,0.3735144312393888,0.1697792869269949,0.01697792869269949,0.0,0.0,0.03395585738539898,0.4375,1.0,0.4722222222222222
NBA,2016 - 2017,Playoffs,Jonas Jerebko,BOS,12,128.0,15,31,5,15,8,8,7,22,29,12,5,3,43,6,13,0.3359375,0.2265625,0.09375,0.0390625,0.0234375,0.046875,0.3333333333333333,1.0,0.4838709677419355
NBA,2016 - 2017,Playoffs,Myles Turner,IND,4,133.1,19,44,0,6,5,8,6,21,27,3,7,5,43,6,15,0.32306536438767847,0.202854996243426,0.022539444027047335,0.05259203606311044,0.03756574004507889,0.04507888805409467,0.0,0.625,0.4318181818181818
NBA,2016 - 2017,Playoffs,DeMarre Carroll,TOR,10,154.6,15,37,7,22,5,9,4,23,27,5,8,5,42,5,13,0.2716688227684347,0.17464424320827943,0.03234152652005175,0.0517464424320828,0.03234152652005175,0.03234152652005175,0.3181818181818182,0.5555555555555556,0.40540540540540543
NBA,2016 - 2017,Playoffs,Evan Turner,POR,4,124.1,12,33,5,15,12,16,3,20,23,15,7,2,41,7,7,0.330378726833199,0.18533440773569704,0.12087026591458502,0.05640612409347301,0.016116035455278004,0.05640612409347301,0.3333333333333333,0.75,0.36363636363636365
NBA,2016 - 2017,Playoffs,Steven Adams,OKC,5,157.0,18,28,0,0,4,11,17,17,34,7,6,9,40,4,14,0.25477707006369427,0.21656050955414013,0.044585987261146494,0.03821656050955414,0.05732484076433121,0.025477707006369428,0.0,0.36363636363636365,0.6428571428571429
NBA,2016 - 2017,Playoffs,Bobby Portis,CHI,6,120.8,17,33,6,13,0,0,5,31,36,7,3,3,40,6,10,0.33112582781456956,0.2980132450331126,0.05794701986754967,0.024834437086092717,0.024834437086092717,0.049668874172185434,0.46153846153846156,0.0,0.5151515151515151
NBA,2016 - 2017,Playoffs,Andrew Harrison,MEM,6,118.8,13,29,5,13,8,9,4,7,11,13,3,1,39,3,14,0.3282828282828283,0.0925925925925926,0.10942760942760943,0.025252525252525252,0.008417508417508417,0.025252525252525252,0.38461538461538464,0.8888888888888888,0.4482758620689655
NBA,2016 - 2017,Playoffs,Raymond Felton,LAC,7,126.9,15,32,4,9,5,5,2,8,10,10,6,0,39,3,10,0.3073286052009456,0.07880220646178093,0.07880220646178093,0.04728132387706856,0.0,0.02364066193853428,0.4444444444444444,1.0,0.46875
NBA,2016 - 2017,Playoffs,Brandon Jennings,WAS,13,178.2,14,36,2,13,7,8,5,14,19,24,2,0,37,8,13,0.207631874298541,0.10662177328843996,0.13468013468013468,0.011223344556677891,0.0,0.044893378226711564,0.15384615384615385,0.875,0.3888888888888889
NBA,2016 - 2017,Playoffs,Amir Johnson,BOS,14,142.4,15,30,1,3,5,8,17,13,30,3,4,6,36,6,24,0.25280898876404495,0.21067415730337077,0.021067415730337078,0.028089887640449437,0.042134831460674156,0.042134831460674156,0.3333333333333333,0.625,0.5
NBA,2016 - 2017,Playoffs,Davis Bertans,SAS,13,112.1,12,27,8,20,4,6,5,15,20,3,3,4,36,6,7,0.32114183764495985,0.17841213202497772,0.026761819803746655,0.026761819803746655,0.03568242640499554,0.05352363960749331,0.4,0.6666666666666666,0.4444444444444444
NBA,2016 - 2017,Playoffs,Thon Maker,MIL,6,116.4,12,31,2,10,9,11,8,11,19,12,5,11,35,8,18,0.3006872852233677,0.16323024054982818,0.10309278350515463,0.0429553264604811,0.09450171821305842,0.06872852233676975,0.2,0.8181818181818182,0.3870967741935484
NBA,2016 - 2017,Playoffs,Isaiah Canaan,CHI,3,95.3,13,26,5,14,4,6,0,4,4,4,3,0,35,5,6,0.3672612801678909,0.04197271773347325,0.04197271773347325,0.031479538300104935,0.0,0.05246589716684155,0.35714285714285715,0.6666666666666666,0.5
NBA,2016 - 2017,Playoffs,Patrick Patterson,TOR,10,184.8,10,36,8,26,6,6,1,19,20,20,7,2,34,6,4,0.18398268398268397,0.10822510822510822,0.10822510822510822,0.03787878787878788,0.010822510822510822,0.032467532467532464,0.3076923076923077,1.0,0.2777777777777778
NBA,2016 - 2017,Playoffs,Tyler Zeller,BOS,11,78.2,13,25,0,0,6,8,8,11,19,8,0,2,32,4,7,0.4092071611253197,0.24296675191815856,0.10230179028132992,0.0,0.02557544757033248,0.05115089514066496,0.0,0.75,0.52
NBA,2016 - 2017,Playoffs,Dante Exum,UTA,7,83.7,11,27,4,12,6,6,2,4,6,9,5,0,32,3,10,0.38231780167264034,0.07168458781362007,0.10752688172043011,0.05973715651135006,0.0,0.035842293906810034,0.3333333333333333,1.0,0.4074074074074074
NBA,2016 - 2017,Playoffs,Maurice Harkless,POR,4,99.1,10,34,2,12,7,8,7,6,13,3,4,4,29,1,14,0.29263370332996974,0.1311806256306761,0.03027245206861756,0.04036326942482341,0.04036326942482341,0.010090817356205853,0.16666666666666666,0.875,0.29411764705882354
NBA,2016 - 2017,Playoffs,C.J. Miles,IND,4,82.0,11,24,5,16,2,2,4,4,8,1,2,1,29,2,12,0.35365853658536583,0.0975609756097561,0.012195121951219513,0.024390243902439025,0.012195121951219513,0.024390243902439025,0.3125,1.0,0.4583333333333333
NBA,2016 - 2017,Playoffs,Jose Calderon,ATL,6,75.2,11,23,4,12,0,0,2,6,8,13,2,1,26,4,9,0.3457446808510638,0.10638297872340426,0.1728723404255319,0.026595744680851064,0.013297872340425532,0.05319148936170213,0.3333333333333333,0.0,0.4782608695652174
NBA,2016 - 2017,Playoffs,Delon Wright,TOR,9,91.7,9,17,2,6,5,7,4,9,13,13,4,1,25,5,4,0.27262813522355506,0.14176663031624864,0.14176663031624864,0.04362050163576881,0.010905125408942203,0.05452562704471101,0.3333333333333333,0.7142857142857143,0.5294117647058824
NBA,2016 - 2017,Playoffs,Doug McDermott,OKC,5,66.3,9,18,7,13,0,0,0,5,5,1,1,1,25,1,2,0.3770739064856712,0.07541478129713425,0.015082956259426848,0.015082956259426848,0.015082956259426848,0.015082956259426848,0.5384615384615384,0.0,0.5
NBA,2016 - 2017,Playoffs,Ersan Ilyasova,ATL,6,90.4,8,23,1,5,7,9,14,17,31,2,1,0,24,5,7,0.2654867256637168,0.34292035398230086,0.022123893805309734,0.011061946902654867,0.0,0.05530973451327433,0.2,0.7777777777777778,0.34782608695652173
NBA,2016 - 2017,Playoffs,Alex Abrines,OKC,5,80.1,8,23,5,17,3,4,2,7,9,4,0,0,24,0,8,0.299625468164794,0.11235955056179776,0.04993757802746567,0.0,0.0,0.0,0.29411764705882354,0.75,0.34782608695652173
NBA,2016 - 2017,Playoffs,Austin Rivers,LAC,3,90.2,9,26,4,13,2,2,1,7,8,2,1,1,24,5,6,0.2660753880266075,0.08869179600886917,0.022172949002217293,0.011086474501108647,0.011086474501108647,0.05543237250554323,0.3076923076923077,1.0,0.34615384615384615
NBA,2016 - 2017,Playoffs,Raulzinho Neto,UTA,9,60.4,8,13,3,6,4,4,0,7,7,4,1,1,23,3,8,0.38079470198675497,0.11589403973509935,0.06622516556291391,0.016556291390728478,0.016556291390728478,0.049668874172185434,0.5,1.0,0.6153846153846154
NBA,2016 - 2017,Playoffs,Wayne Selden,MEM,6,106.1,9,26,2,11,3,4,3,6,9,7,1,1,23,2,8,0.2167766258246937,0.08482563619227144,0.06597549481621112,0.009425070688030161,0.009425070688030161,0.018850141376060323,0.18181818181818182,0.75,0.34615384615384615
NBA,2016 - 2017,Playoffs,Monta Ellis,IND,4,75.5,8,20,2,8,4,5,1,7,8,5,2,1,22,4,5,0.2913907284768212,0.10596026490066225,0.06622516556291391,0.026490066225165563,0.013245033112582781,0.052980132450331126,0.25,0.8,0.4
NBA,2016 - 2017,Playoffs,Allen Crabbe,POR,4,92.0,9,24,3,13,1,3,0,13,13,2,1,0,22,1,9,0.2391304347826087,0.14130434782608695,0.021739130434782608,0.010869565217391304,0.0,0.010869565217391304,0.23076923076923078,0.3333333333333333,0.375
NBA,2016 - 2017,Playoffs,Paul Pierce,LAC,7,101.5,8,18,4,10,1,1,2,12,14,7,2,0,21,4,11,0.20689655172413793,0.13793103448275862,0.06896551724137931,0.019704433497536946,0.0,0.03940886699507389,0.4,1.0,0.4444444444444444
NBA,2016 - 2017,Playoffs,Bryn Forbes,SAS,6,72.8,6,21,2,9,6,6,0,6,6,3,0,1,20,2,5,0.27472527472527475,0.08241758241758242,0.04120879120879121,0.0,0.013736263736263736,0.027472527472527472,0.2222222222222222,1.0,0.2857142857142857
NBA,2016 - 2017,Playoffs,Cristiano Felicio,CHI,6,82.1,9,15,0,0,1,2,7,19,26,2,3,2,19,7,16,0.23142509135200975,0.31668696711327654,0.0243605359317905,0.03654080389768575,0.0243605359317905,0.08526187576126676,0.0,0.5,0.6
NBA,2016 - 2017,Playoffs,Noah Vonleh,POR,4,100.2,8,18,0,0,2,5,9,20,29,8,1,4,18,6,11,0.17964071856287425,0.2894211576846307,0.07984031936127745,0.00998003992015968,0.03992015968063872,0.059880239520958084,0.0,0.4,0.4444444444444444
NBA,2016 - 2017,Playoffs,Mike Muscala,ATL,6,80.8,5,18,0,4,7,8,6,10,16,2,1,3,17,1,12,0.21039603960396042,0.19801980198019803,0.024752475247524754,0.012376237623762377,0.03712871287128713,0.012376237623762377,0.0,0.875,0.2777777777777778
NBA,2016 - 2017,Playoffs,Jason Terry,MIL,6,67.9,6,18,2,10,1,1,2,6,8,5,3,1,15,2,7,0.22091310751104565,0.117820324005891,0.07363770250368187,0.04418262150220913,0.014727540500736375,0.02945508100147275,0.2,1.0,0.3333333333333333
NBA,2016 - 2017,Playoffs,Ian Mahinmi,WAS,5,62.6,5,9,0,0,4,11,3,8,11,6,1,6,14,3,17,0.22364217252396165,0.1757188498402556,0.09584664536741214,0.01597444089456869,0.09584664536741214,0.04792332268370607,0.0,0.36363636363636365,0.5555555555555556
NBA,2016 - 2017,Playoffs,Troy Daniels,MEM,6,68.3,3,9,3,9,0,0,1,4,5,2,2,0,9,2,1,0.13177159590043924,0.07320644216691069,0.029282576866764276,0.029282576866764276,0.0,0.029282576866764276,0.3333333333333333,0.0,0.3333333333333333
NBA,2016 - 2017,Playoffs,Matt Barnes,GSW,12,60.9,4,15,1,8,0,0,0,9,9,7,2,0,9,3,9,0.1477832512315271,0.1477832512315271,0.11494252873563218,0.03284072249589491,0.0,0.04926108374384237,0.125,0.0,0.26666666666666666
