GP,MIN,FGM,FGA,3PM,3PA,FTM,FTA,ORB,DRB,REB,AST,STL,BLK,PTS,TOV,PF,PTS_per_min,REB_per_min,AST_per_min,STL_per_min,BLK_per_min,TOV_per_min,3P_pct,FT_pct,FG_pct,EFF
1.0,1.0,1.0,1.0,0.611111111111111,0.622093023255814,1.0,1.0,0.2753623188405797,0.9337748344370861,0.8556149732620321,1.0,1.0,0.8214285714285714,1.0,1.0,0.711864406779661,0.7983552091998205,0.4012827238293006,0.6719648920900319,0.494406745498522,0.3059661381349093,0.6272507390486427,0.616822429906542,0.6975308641975309,0.6411445012787724,4.04979280564196
0.9333333333333333,0.7902895583503946,0.6915887850467289,0.8079999999999999,1.0,1.0,0.911504424778761,0.7037037037037037,0.3333333333333333,0.5298013245033112,0.5508021390374331,0.8071428571428572,0.9714285714285714,0.14285714285714285,0.8041237113402062,0.8055555555555555,0.6101694915254238,0.7981142111140289,0.30619078781333153,0.6730133514569651,0.5949151131824235,0.06591211717709719,0.6258877052818463,0.627906976744186,0.9035087719298246,0.4668502852646077,2.7418562226461507
1.0,0.867066393682363,0.794392523364486,0.9626666666666666,0.611111111111111,0.686046511627907,0.6725663716814159,0.5185185185185185,0.18840579710144928,0.2251655629139073,0.25133689839572193,0.6714285714285715,0.6571428571428571,0.2857142857142857,0.7852233676975944,0.6666666666666666,0.6271186440677966,0.7009190522239169,0.08118521711801073,0.508078548273869,0.3701017909076989,0.12123067503443986,0.47635083422623603,0.5593220338983051,0.9047619047619048,0.43160295845717855,2.1602688560135115
0.8,0.6912840011699326,0.6822429906542056,0.6906666666666667,0.5277777777777778,0.5,0.8141592920353982,0.6358024691358024,0.2318840579710145,0.6556291390728477,0.6149732620320856,0.45,0.34285714285714286,0.7142857142857142,0.7199312714776631,0.5277777777777778,0.6440677966101696,0.8088532489542167,0.40769744733609514,0.4137154290583352,0.23663477771525046,0.37141249296567247,0.46213968611267425,0.6627906976744187,0.8932038834951457,0.6215215482688858,2.549840851427066
0.6666666666666667,0.6523837379350685,0.5794392523364487,0.7253333333333333,0.29166666666666663,0.3546511627906977,0.6902654867256637,0.5740740740740741,0.10144927536231885,0.24503311258278146,0.2352941176470588,0.95,0.6,0.5357142857142857,0.5910652920962198,0.7638888888888888,0.423728813559322,0.6811980115363166,0.11875594547497008,0.9513573243004197,0.43585883514313917,0.29318854886475765,0.7040144784468575,0.5163934426229508,0.8387096774193549,0.3980668238206625,2.1783565486654117
0.8,0.6731500438724773,0.5046728971962617,0.6719999999999999,0.5,0.627906976744186,0.8053097345132744,0.6851851851851851,0.07246376811594203,0.2516556291390728,0.22994652406417113,0.7071428571428572,0.37142857142857144,0.07142857142857142,0.5841924398625429,0.6944444444444444,0.576271186440678,0.6490306884026489,0.1086227578499352,0.6815785269155171,0.2624591895525253,0.03802573458805375,0.6225593752000511,0.5,0.8198198198198198,0.3407707910750507,1.294377035251014
0.6000000000000001,0.5391927464170809,0.4813084112149532,0.5146666666666666,0.3472222222222222,0.31976744186046513,0.8407079646017699,0.6296296296296295,0.2753623188405797,0.46357615894039733,0.47593582887700536,0.38571428571428573,0.5714285714285714,0.21428571428571427,0.5549828178694158,0.3611111111111111,0.3389830508474576,0.773732180855873,0.39309914429666704,0.4439359909460354,0.4899790258680958,0.13842927056630136,0.3928377223646388,0.6818181818181817,0.931372549019608,0.5544554455445547,1.9872295753307805
0.6666666666666667,0.6507750804328749,0.5560747663551402,0.6666666666666666,0.40277777777777773,0.5872093023255814,0.4424778761061947,0.3765432098765432,0.21739130434782608,0.16556291390728478,0.21390374331550802,0.24285714285714285,0.6,0.2857142857142857,0.5395189003436427,0.375,0.6271186440677966,0.6114809211276723,0.10141724536633596,0.22471265923474235,0.4368074792243767,0.15670755836960798,0.3463593193510089,0.43069306930693063,0.819672131147541,0.4390682242344648,1.4909775187976952
0.5333333333333332,0.5064346300087743,0.40654205607476634,0.5573333333333333,0.4444444444444444,0.6686046511627907,0.8938053097345132,0.7098765432098765,0.10144927536231885,0.32450331125827814,0.29946524064171126,0.6571428571428571,0.6,0.17857142857142855,0.5223367697594501,0.8194444444444444,0.711864406779661,0.7687863797112956,0.23743446151783543,0.8178253237575579,0.5428141135972461,0.12171133513646416,0.9405376608474717,0.4173913043478261,0.8782608695652174,0.3140383397076423,1.3501161245340452
1.0,0.7563615092132201,0.42990654205607476,0.5573333333333333,0.6944444444444444,0.6453488372093024,0.5575221238938053,0.4629629629629629,0.5217391304347826,0.9999999999999999,0.9999999999999999,0.20714285714285713,0.6,0.5714285714285714,0.5051546391752577,0.4305555555555555,0.7627118644067797,0.4734579314238051,0.6494053377383568,0.16029966852170782,0.3822065443213297,0.27423822714681395,0.34796283471837475,0.6756756756756757,0.84,0.3633121377789249,2.5028956026818947
1.0,0.8544896168470313,0.5467289719626168,0.7013333333333333,0.5555555555555556,0.6627906976744186,0.18584070796460178,0.16666666666666666,0.2608695652173913,0.32450331125827814,0.3582887700534759,0.28571428571428575,0.6571428571428571,0.10714285714285714,0.5017182130584192,0.4305555555555555,0.6610169491525424,0.40391123792293515,0.15330783999381115,0.20366728562873407,0.3750387777260736,0.0460679385760813,0.31174706581872685,0.5263157894736842,0.7777777777777778,0.37490597261922687,1.462829597220387
1.0,0.8035975431412692,0.5046728971962617,0.4826666666666666,0.375,0.3023255813953488,0.19469026548672566,0.17901234567901234,0.4492753623188406,0.5496688741721854,0.6096256684491979,0.6857142857142857,0.42857142857142855,0.5,0.45017182130584193,0.4583333333333333,0.5423728813559322,0.37673327611051655,0.34078258974916414,0.558777291443652,0.25854648303000477,0.2272503689129362,0.3507952123298901,0.778846153846154,0.7586206896551724,0.6821914120339214,2.3609721420481726
0.5333333333333332,0.5122842936531149,0.37383177570093457,0.4773333333333333,0.38888888888888884,0.3953488372093023,0.6283185840707964,0.4691358024691358,0.10144927536231885,0.37086092715231783,0.33689839572192515,0.2571428571428572,0.2857142857142857,0.10714285714285714,0.43986254295532645,0.3333333333333333,0.3728813559322034,0.6188839909357263,0.27254080618838833,0.3022403669758362,0.25596542488434343,0.07231555880204438,0.37886535183832454,0.6176470588235294,0.9342105263157896,0.37557816836262725,1.1035768108081891
0.8666666666666667,0.69742614799649,0.49999999999999994,0.616,0.027777777777777776,0.08139534883720931,0.37168141592920356,0.3395061728395061,0.6231884057971014,0.4768211920529801,0.6149732620320856,0.16428571428571428,0.2857142857142857,0.5714285714285714,0.4381443298969072,0.38888888888888884,0.6779661016949153,0.4333950739316741,0.40377252701856137,0.13324693171861218,0.19565419691047814,0.2948073701842547,0.33786215025745986,0.2142857142857142,0.7636363636363637,0.41176470588235303,1.6528592561898021
0.9333333333333333,0.7826849956127522,0.4252336448598131,0.608,0.5694444444444444,0.6162790697674418,0.23008849557522124,0.2037037037037037,0.15942028985507248,0.3377483443708609,0.3315508021390374,0.24285714285714285,0.39999999999999997,0.17857142857142855,0.422680412371134,0.3472222222222222,0.728813559322034,0.35721288243421434,0.1548461450872668,0.18569283544484488,0.2471037609133644,0.08310946944257894,0.2721345421983428,0.5801886792452831,0.7878787878787878,0.27919324031208526,1.1471436804717308
1.0,0.7832699619771861,0.3925233644859813,0.5093333333333333,0.4305555555555555,0.5116279069767442,0.35398230088495575,0.2962962962962963,0.2898550724637681,0.6026490066225165,0.5935828877005348,0.33571428571428574,0.5428571428571428,0.21428571428571427,0.4054982817869416,0.16666666666666666,0.864406779661017,0.3366433706381563,0.3396099504716452,0.2666978247250104,0.3351300335570463,0.09966442953020105,0.13053691275167745,0.5284090909090909,0.8333333333333334,0.3616368286445014,1.9022774353342493
0.4666666666666666,0.4574436969874231,0.3411214953271028,0.44266666666666665,0.013888888888888888,0.0872093023255814,0.6283185840707964,0.49382716049382713,0.057971014492753624,0.271523178807947,0.24064171122994651,0.2357142857142857,0.39999999999999997,0.0,0.3694158075601374,0.3472222222222222,0.423728813559322,0.5646147259428063,0.2009227550237082,0.30601248545518145,0.39435959271168286,0.0,0.43430689531975714,0.0999999999999999,0.8875,0.36010230179028146,0.8444111614220178
0.9333333333333333,0.7781515062883884,0.32242990654205606,0.4053333333333333,0.4444444444444444,0.45348837209302323,0.4070796460176991,0.4135802469135802,0.2898550724637681,0.8675496688741722,0.8074866310160428,0.7785714285714286,0.9142857142857143,1.0,0.36597938144329895,0.4861111111111111,1.0,0.29278211346557226,0.4940297219532277,0.6577853846430877,0.567763713080169,0.46784810126582266,0.3829817158931083,0.6153846153846153,0.6865671641791045,0.3878572222839989,3.3939374117362178
0.1333333333333333,0.19610997367651356,0.2616822429906542,0.3813333333333333,0.18055555555555555,0.28488372093023256,0.49557522123893805,0.43209876543209874,0.13043478260869565,0.29801324503311255,0.2887700534759358,0.37857142857142856,0.34285714285714286,0.07142857142857142,0.3058419243986254,0.41666666666666663,0.2542372881355932,0.9999999999999999,0.5763500792024021,0.9999999999999999,0.6485861182519275,0.1017994858611816,1.0,0.3979591836734694,0.8,0.2610041728361827,0.3312944861958642
0.26666666666666666,0.29219069903480543,0.29906542056074764,0.33599999999999997,0.19444444444444442,0.22093023255813954,0.25663716814159293,0.2037037037037037,0.057971014492753624,0.17880794701986755,0.1657754010695187,0.4857142857142857,0.34285714285714286,0.03571428571428571,0.28865979381443296,0.2638888888888889,0.3898305084745763,0.6610769289758015,0.20815451639236865,0.9536637313839746,0.48481936971560263,0.038047655649499655,0.47341788367922116,0.5526315789473684,0.8787878787878788,0.4933219664677466,0.8613019104890817
1.0,0.41825095057034206,0.2850467289719626,0.3093333333333333,0.20833333333333331,0.27325581395348836,0.19469026548672566,0.18518518518518517,0.2028985507246377,0.2582781456953642,0.28342245989304815,0.2357142857142857,0.37142857142857144,0.5,0.26804123711340205,0.3055555555555555,0.7796610169491526,0.41529425223969196,0.2757203850420093,0.3322362381894338,0.3945222286374132,0.400115473441108,0.41175904541955316,0.4787234042553192,0.7333333333333333,0.527058823529412,1.232065984669924
0.8666666666666667,0.5206200643462999,0.2523364485981308,0.3493333333333333,0.4444444444444444,0.5174418604651163,0.16814159292035397,0.13580246913580246,0.07246376811594203,0.16556291390728478,0.160427807486631,0.3,0.37142857142857144,0.03571428571428571,0.26804123711340205,0.29166666666666663,0.5423728813559322,0.3187805347487429,0.08925380530978437,0.3512616012196591,0.3282000480307395,0.023775216138328056,0.32696926032660895,0.5393258426966292,0.8636363636363636,0.30179028132992336,0.7439848804656304
0.6666666666666667,0.537730330505996,0.2570093457943925,0.26666666666666666,0.15277777777777776,0.22674418604651161,0.2743362831858407,0.21604938271604937,0.21739130434782608,0.46357615894039733,0.45454545454545453,0.15714285714285714,0.6285714285714286,0.25,0.25601374570446733,0.1388888888888889,0.423728813559322,0.28601929053559894,0.37322072189345473,0.16694710120029194,0.5402359261854704,0.16187806587245934,0.1514443665810163,0.423076923076923,0.8857142857142857,0.5702620896783128,1.6434586989807083
0.8,0.35873062298917807,0.2757009345794392,0.3386666666666666,0.18055555555555555,0.21511627906976744,0.18584070796460178,0.19135802469135801,0.13043478260869565,0.09933774834437087,0.1283422459893048,0.19999999999999998,0.2571428571428571,0.07142857142857142,0.25601374570446733,0.15277777777777776,0.4915254237288135,0.4641314225239551,0.11161431949985966,0.32000258700727374,0.3094946025515203,0.0647693817468103,0.23328971758804917,0.527027027027027,0.6774193548387096,0.4064991725590492,0.6111546538631678
0.6666666666666667,0.4574436969874231,0.2616822429906542,0.36266666666666664,0.19444444444444442,0.22093023255813954,0.22123893805309736,0.19135802469135801,0.2608695652173913,0.4039735099337748,0.42245989304812837,0.15,0.34285714285714286,0.6071428571428571,0.2542955326460481,0.29166666666666663,0.7627118644067797,0.34822888900376947,0.40584891285927716,0.18638244225309514,0.3380225080385847,0.45096463022508027,0.36481779206859594,0.5526315789473684,0.8064516129032258,0.30126113413881306,1.3408341233113075
1.0,0.6981573559520327,0.205607476635514,0.3333333333333333,0.40277777777777773,0.42441860465116277,0.2831858407079646,0.30864197530864196,0.3333333333333333,0.3841059602649006,0.43315508021390375,0.6,0.7714285714285714,0.5714285714285714,0.2508591065292096,0.5277777777777778,0.8474576271186441,0.18855691240376624,0.2611032552285426,0.5550897391581985,0.5277751952398664,0.2945332837486047,0.4581009049212842,0.595890410958904,0.64,0.18063137000419904,2.015588433380475
0.2,0.2670371453641415,0.26635514018691586,0.2746666666666666,0.05555555555555555,0.05813953488372093,0.22123893805309736,0.2839506172839506,0.14492753623188406,0.28476821192052976,0.28342245989304815,0.16428571428571428,0.37142857142857144,0.3571428571428571,0.24054982817869414,0.2777777777777778,0.3389830508474576,0.5802286367121681,0.4332170467924371,0.3345169278477773,0.5623971193415632,0.4074074074074075,0.53360768175583,0.6000000000000001,0.5434782608695652,0.5780051150895142,0.8121985434624515
1.0,0.7328166130447498,0.23831775700934577,0.22133333333333333,0.0,0.0,0.35398230088495575,0.37037037037037035,1.0,0.509933774834437,0.7807486631016043,0.17857142857142858,0.2571428571428571,0.46428571428571425,0.2388316151202749,0.29166666666666663,0.5932203389830509,0.15886849014880258,0.5064871818230495,0.1393364807694371,0.16849955476402423,0.22920747996438076,0.24247551202137088,0.0,0.6666666666666666,0.688090737240076,1.677701120391106
0.2,0.23866627668909035,0.21962616822429903,0.25066666666666665,0.2361111111111111,0.22093023255813954,0.2743362831858407,0.22839506172839505,0.014492753623188406,0.09933774834437087,0.0855614973262032,0.29285714285714287,0.2857142857142857,0.10714285714285714,0.2388316151202749,0.16666666666666666,0.1694915254237288,0.6389599839924024,0.10678352088383895,0.6659013154817316,0.47014758497316556,0.1328264758497313,0.34794275491949883,0.6710526315789473,0.8378378378378378,0.4699923025351975,0.677065366256343
0.2,0.2209710441649605,0.21962616822429903,0.2693333333333333,0.2361111111111111,0.23255813953488372,0.2743362831858407,0.22839506172839505,0.057971014492753624,0.03973509933774835,0.053475935828877,0.32142857142857145,0.17142857142857143,0.0,0.2388316151202749,0.1388888888888889,0.30508474576271183,0.6846015543773833,0.05448219776190326,0.7762462273750598,0.29822695035460967,0.0,0.3065405831363275,0.6375,0.8378378378378378,0.40362706347361077,0.4748581670183787
0.2,0.2325241298625329,0.21962616822429903,0.24000000000000002,0.041666666666666664,0.09883720930232558,0.3805309734513274,0.3271604938271605,0.13043478260869565,0.28476821192052976,0.27807486631016043,0.17857142857142858,0.2857142857142857,0.14285714285714285,0.23539518900343642,0.3194444444444444,0.30508474576271183,0.6432448152360999,0.4797196885603665,0.40795792944188786,0.4791476754785772,0.18049225159525928,0.6796566393193559,0.2647058823529411,0.8113207547169812,0.5121289622568397,0.4739529209855641
1.0,0.6232816613044749,0.21962616822429903,0.24000000000000002,0.5555555555555556,0.46511627906976744,0.04424778761061947,0.06790123456790123,0.07246376811594203,0.2185430463576159,0.2032085561497326,0.08571428571428572,0.37142857142857144,0.21428571428571427,0.23367697594501718,0.16666666666666666,0.6779661016949153,0.20033848602964469,0.09973795633903156,0.06645738044878435,0.28085182901767286,0.12207151664611499,0.15988491574188188,0.75,0.4545454545454545,0.5121289622568397,0.9044019090484566
0.4666666666666666,0.3599005557180462,0.26635514018691586,0.32266666666666666,0.16666666666666666,0.22093023255813954,0.09734513274336283,0.08024691358024691,0.13043478260869565,0.3443708609271523,0.32620320855614976,0.09285714285714285,0.11428571428571428,0.6071428571428571,0.23024054982817868,0.15277777777777776,0.6101694915254238,0.4035184181120365,0.3826150336266964,0.13700171044520865,0.13719412724306687,0.5491027732463293,0.23268080478520922,0.47368421052631576,0.8461538461538461,0.4186504033051349,1.0988353605681986
0.5333333333333332,0.4355074583211465,0.22429906542056072,0.29866666666666664,0.375,0.4069767441860465,0.11504424778761062,0.1111111111111111,0.07246376811594203,0.2251655629139073,0.2085561497326203,0.15,0.22857142857142856,0.21428571428571427,0.22852233676975944,0.19444444444444442,0.3220338983050847,0.31898902179070177,0.1756123856427952,0.19556676996961514,0.23478503629257358,0.16582914572864313,0.2533966126930947,0.5785714285714285,0.7222222222222222,0.3326076388154976,0.7061045520968214
0.5333333333333332,0.38900263234863985,0.2570093457943925,0.3306666666666666,0.20833333333333331,0.2616279069767442,0.09734513274336283,0.09259259259259259,0.11594202898550725,0.2052980132450331,0.2085561497326203,0.1857142857142857,0.17142857142857143,0.03571428571428571,0.22852233676975944,0.18055555555555555,0.3389830508474576,0.36554070585282084,0.20191990868964677,0.2748221770100298,0.19324448529411697,0.030330882352940406,0.2582209967320261,0.5,0.7333333333333333,0.36397900121146853,0.5028098519059925
0.5333333333333332,0.30886224042117577,0.21962616822429903,0.29066666666666663,0.16666666666666666,0.22674418604651161,0.23008849557522124,0.17901234567901234,0.10144927536231885,0.12582781456953643,0.13903743315508021,0.09285714285714285,0.19999999999999998,0.03571428571428571,0.22164948453608246,0.19444444444444442,0.2711864406779661,0.45358933289704095,0.15404520847906472,0.1588387553302783,0.270940721649484,0.036450662739321606,0.3341924398625429,0.46153846153846156,0.896551724137931,0.3374225150635053,0.3351015578538896
0.2,0.26074875694647554,0.20093457943925233,0.26399999999999996,0.08333333333333333,0.13372093023255813,0.33628318584070793,0.2901234567901234,0.13043478260869565,0.2052980132450331,0.21390374331550802,0.17857142857142858,0.2857142857142857,0.17857142857142855,0.218213058419244,0.20833333333333331,0.15254237288135591,0.5278993955700927,0.3202176652844521,0.3723093471291765,0.4404063678257223,0.20737327188940072,0.40741516547968115,0.3913043478260869,0.8085106382978723,0.3421426541631146,0.6506530876020507
0.3333333333333333,0.22067856098274347,0.22429906542056072,0.23466666666666666,0.15277777777777776,0.11046511627906977,0.12389380530973451,0.08641975308641975,0.028985507246376812,0.09271523178807947,0.0855614973262032,0.17142857142857143,0.11428571428571428,0.0,0.2027491408934708,0.16666666666666666,0.15254237288135591,0.5656112829049258,0.11849532840732178,0.40725169775327136,0.1990061523899661,0.0,0.36819687647893967,0.868421052631579,1.0,0.556648298046247,0.2329344984322289
0.3333333333333333,0.35097981866042693,0.18691588785046728,0.224,0.18055555555555555,0.22093023255813954,0.23893805309734512,0.2037037037037037,0.043478260869565216,0.11920529801324503,0.11229946524064169,0.32857142857142857,0.34285714285714286,0.14285714285714285,0.20103092783505155,0.2361111111111111,0.423728813559322,0.34672803129977825,0.0927855634095288,0.5491620084614631,0.41994007989347537,0.13182423435419438,0.36689968930315126,0.513157894736842,0.8181818181818182,0.4204273574787559,0.758866655302365
0.3333333333333333,0.3224627083942673,0.20093457943925233,0.2373333333333333,0.16666666666666666,0.18023255813953487,0.18584070796460178,0.17901234567901234,0.11594202898550725,0.13907284768211922,0.1550802139037433,0.19999999999999998,0.05714285714285714,0.03571428571428571,0.1993127147766323,0.18055555555555555,0.4067796610169491,0.37753249110397635,0.16984245225479078,0.3511629960051085,0.07484870060519741,0.03524385902456332,0.3000474664768003,0.5806451612903225,0.7241379310344828,0.43551333576909035,0.3176322134522266
0.8666666666666667,0.5489909330213512,0.19626168224299065,0.27199999999999996,0.3611111111111111,0.4418604651162791,0.07079646017699115,0.08641975308641975,0.18840579710144928,0.2649006622516556,0.28342245989304815,0.15714285714285714,0.2857142857142857,0.5357142857142857,0.19759450171821305,0.2361111111111111,0.4915254237288135,0.1841249697744007,0.19979143738535882,0.16341537720511948,0.24122303809086654,0.3407526388251484,0.2529065320483401,0.513157894736842,0.5714285714285714,0.29805764844128024,1.1153202474679118
0.8666666666666667,0.44603685288095923,0.21962616822429903,0.27999999999999997,0.08333333333333333,0.10465116279069767,0.1504424778761062,0.14814814814814814,0.5652173913043478,0.4701986754966887,0.5882352941176471,0.21428571428571427,0.19999999999999998,0.5357142857142857,0.1958762886597938,0.25,0.576271186440678,0.246900942862697,0.6073606244254909,0.28270197895274995,0.2013888888888883,0.40640394088669923,0.3193760262725776,0.5,0.7083333333333334,0.3693633059631175,1.3566560544571205
0.5333333333333332,0.3865165252997952,0.19626168224299065,0.26666666666666666,0.29166666666666663,0.3023255813953488,0.09734513274336283,0.08641975308641975,0.30434782608695654,0.2384105960264901,0.3048128342245989,0.22857142857142856,0.45714285714285713,0.07142857142857142,0.19415807560137457,0.25,0.6271186440677966,0.29404514893944356,0.32816675576167836,0.34518300416917946,0.5180166307360637,0.06097936556821627,0.35940868493994454,0.6057692307692307,0.7857142857142857,0.3140383397076423,0.837225477262153
0.5333333333333332,0.5155016086575022,0.17757009345794392,0.23466666666666666,0.3194444444444444,0.3546511627906977,0.11504424778761062,0.08641975308641975,0.11594202898550725,0.2913907284768212,0.27807486631016043,0.15714285714285714,0.39999999999999997,0.07142857142857142,0.1872852233676976,0.125,0.4067796610169491,0.1856307440104887,0.21066063771087834,0.1743054769649538,0.356442237829983,0.04795349963671577,0.14131751029304904,0.5655737704918032,0.9285714285714286,0.33517019537532644,0.9241419294487057
0.5333333333333332,0.33021351272301835,0.20093457943925233,0.19466666666666665,0.0,0.005813953488372093,0.21238938053097345,0.24074074074074073,0.37681159420289856,0.43708609271523174,0.4919786096256684,0.07857142857142857,0.22857142857142856,1.0,0.1838487972508591,0.1111111111111111,0.4576271186440678,0.32969739441062995,0.6600922980984858,0.12305626634423397,0.2938504542278122,0.968553459119497,0.18122525040763998,0.0,0.6153846153846154,0.6322749672509516,1.779661566174563
0.2,0.2622111728575606,0.16822429906542055,0.19733333333333333,0.09722222222222221,0.06976744186046512,0.2743362831858407,0.2037037037037037,0.10144927536231885,0.18543046357615894,0.18716577540106952,0.17142857142857143,0.05714285714285714,0.14285714285714285,0.1838487972508591,0.20833333333333331,0.3559322033898305,0.42446697150441703,0.27156743838269015,0.35509723618077677,0.087713808927826,0.16520650813516807,0.405715477680434,0.875,0.9393939393939394,0.4365698086463503,0.3782512116142902
0.8666666666666667,0.5250073120795553,0.20093457943925233,0.24533333333333332,0.1111111111111111,0.2441860465116279,0.1327433628318584,0.16049382716049382,0.13043478260869565,0.3443708609271523,0.32620320855614976,0.35714285714285715,0.39999999999999997,0.25,0.18213058419243985,0.2222222222222222,0.4745762711864407,0.17167065043371374,0.2542021764352196,0.4194813247155293,0.3509179780639007,0.16523605150214582,0.24733746622158595,0.2857142857142856,0.5769230769230769,0.40556076067964864,1.1959899654471444
0.6666666666666667,0.29760163790582034,0.1542056074766355,0.208,0.2222222222222222,0.2616279069767442,0.23893805309734512,0.19753086419753085,0.14492753623188406,0.2781456953642384,0.27807486631016043,0.057142857142857134,0.17142857142857143,0.03571428571428571,0.18213058419243985,0.1111111111111111,0.2711864406779661,0.3664110610126333,0.38290703140397675,0.09394379260186841,0.23901098901098888,0.03751420992800284,0.19653909309081685,0.5333333333333332,0.84375,0.3160772554899022,0.5155648680739475
0.06666666666666665,0.1626206493126645,0.14485981308411214,0.21066666666666667,0.25,0.2441860465116279,0.23008849557522124,0.18518518518518517,0.07246376811594203,0.17218543046357615,0.1657754010695187,0.19999999999999998,0.19999999999999998,0.07142857142857142,0.1769759450171821,0.18055555555555555,0.20338983050847456,0.6278524196521583,0.36437475833229244,0.5958155679674613,0.4288315850815843,0.11538461538461486,0.4911616161616159,0.6428571428571428,0.8666666666666667,0.25714950011625204,0.30211475816113786
0.4666666666666666,0.2420298332845861,0.19158878504672897,0.192,0.0,0.005813953488372093,0.21238938053097345,0.2037037037037037,0.13043478260869565,0.3576158940397351,0.33689839572192515,0.007142857142857143,0.05714285714285714,0.21428571428571427,0.1769759450171821,0.18055555555555555,0.3559322033898305,0.43875743869103523,0.5727306199412935,0.0,0.09307215582115926,0.2629482071713141,0.37310019182529136,0.0,0.7272727272727273,0.5941081746708345,0.42762003935924325
0.06666666666666665,0.13190991517987713,0.16822429906542055,0.216,0.125,0.18604651162790697,0.21238938053097345,0.15432098765432098,0.057971014492753624,0.059602649006622516,0.0695187165775401,0.08571428571428572,0.14285714285714285,0.07142857142857142,0.17525773195876287,0.18055555555555555,0.1694915254237288,0.7295450736792976,0.15950048852893944,0.288218906652215,0.349020584329349,0.13147410358565706,0.5596502877379367,0.421875,0.96,0.3580562659846548,-0.004581147259560603
0.8666666666666667,0.2326703714536414,0.17289719626168223,0.18666666666666668,0.18055555555555555,0.20930232558139533,0.1415929203539823,0.10493827160493827,0.057971014492753624,0.11920529801324503,0.11764705882352941,0.07142857142857142,0.17142857142857143,0.0,0.1718213058419244,0.15277777777777776,0.2711864406779661,0.4397078720385549,0.1720276999667112,0.15350916007022908,0.2873576309794982,0.0,0.3249050873196659,0.5416666666666666,0.9411764705882352,0.5148758457703393,0.2303055985469903
0.26666666666666666,0.29818660427025445,0.18691588785046728,0.13866666666666666,0.0,0.005813953488372093,0.19469026548672566,0.345679012345679,0.36231884057971014,0.4768211920529801,0.5187165775401069,0.02857142857142857,0.08571428571428572,0.21428571428571427,0.17010309278350516,0.2361111111111111,0.4745762711864407,0.3336936789564473,0.7651640873161751,0.037444622670626836,0.1193246311010209,0.22474460839954566,0.4170134947660482,0.0,0.3928571428571428,0.9415118862940759,0.49763807845383967
0.8666666666666667,0.3272886809008481,0.17289719626168223,0.23466666666666666,0.125,0.23255813953488372,0.1504424778761062,0.1419753086419753,0.14492753623188406,0.16556291390728478,0.18716577540106952,0.27142857142857146,0.45714285714285713,0.07142857142857142,0.16666666666666666,0.16666666666666666,0.4576271186440678,0.29072494433169094,0.21426242398907774,0.47761410736012083,0.5918367346938775,0.06966924700914785,0.27375087966220973,0.3375,0.7391304347826086,0.3130223851082342,0.8267792612346729
0.6666666666666667,0.5092132202398363,0.205607476635514,0.224,0.0,0.0,0.09734513274336283,0.1111111111111111,0.7536231884057971,0.5761589403973509,0.7433155080213903,0.16428571428571428,0.14285714285714285,0.7142857142857142,0.16494845360824742,0.2361111111111111,0.6610169491525424,0.15090788351310583,0.6928110280662676,0.18559193535968935,0.1286404796867346,0.4845814977973564,0.26974220916952135,0.0,0.6111111111111112,0.512828974507054,1.6277918221564533
1.0,0.3887101491664229,0.14485981308411214,0.18933333333333333,0.375,0.4011627906976744,0.08849557522123894,0.06172839506172839,0.028985507246376812,0.15894039735099338,0.13903743315508021,0.08571428571428572,0.19999999999999998,0.17857142857142855,0.16494845360824742,0.09722222222222221,0.3559322033898305,0.22914806617734798,0.11245795009663904,0.11533300314717596,0.22559012875536427,0.15174739423666453,0.13912732474964198,0.5869565217391305,1.0,0.3401534526854222,0.6114379362096891
0.39999999999999997,0.2439309739689967,0.14953271028037382,0.19466666666666665,0.20833333333333331,0.19767441860465115,0.17699115044247787,0.14814814814814814,0.07246376811594203,0.12582781456953643,0.1283422459893048,0.09285714285714285,0.2857142857142857,0.10714285714285714,0.16494845360824742,0.20833333333333331,0.4067796610169491,0.3982030092701452,0.1827985898630231,0.19631650980772855,0.46269806338028135,0.13072183098591475,0.4280369718309855,0.6617647058823529,0.8333333333333334,0.34408333853159523,0.33467705938888925
0.39999999999999997,0.27157063468850534,0.17289719626168223,0.144,0.0,0.0,0.21238938053097345,0.30864197530864196,0.31884057971014496,0.4172185430463576,0.45454545454545453,0.07142857142857142,0.2571428571428571,0.42857142857142855,0.16323024054982818,0.125,0.4915254237288135,0.3505267754379955,0.7190523176779992,0.13335666460460177,0.38444737911418075,0.4827305973181627,0.23709874034945108,0.0,0.48,0.7911338448422849,1.0704644133727024
0.5333333333333332,0.4026031003217314,0.1542056074766355,0.22133333333333333,0.2361111111111111,0.3488372093023256,0.12389380530973451,0.09876543209876543,0.21739130434782608,0.2516556291390728,0.28342245989304815,0.04285714285714285,0.11428571428571428,0.07142857142857142,0.16151202749140894,0.125,0.3898305084745763,0.21098797651143034,0.28751787250051103,0.044640262677195015,0.1252606493893354,0.058981233243967666,0.1738159070598747,0.425,0.875,0.2677638163015681,0.45769065625028216
0.5333333333333332,0.31675928634103534,0.1588785046728972,0.25599999999999995,0.18055555555555555,0.29069767441860467,0.09734513274336283,0.1111111111111111,0.014492753623188406,0.16556291390728478,0.13903743315508021,0.07857142857142857,0.14285714285714285,0.0,0.1529209621993127,0.1388888888888889,0.4915254237288135,0.26759983481075167,0.14920163831366917,0.12823734664620878,0.18975631768952986,0.0,0.2340553549939827,0.39,0.6111111111111112,0.18414322250639403,0.1684441380941306
0.6666666666666667,0.19303890026323484,0.14485981308411214,0.168,0.29166666666666663,0.2616279069767442,0.07079646017699115,0.05555555555555555,0.028985507246376812,0.09271523178807947,0.0855614973262032,0.057142857142857134,0.08571428571428572,0.03571428571428571,0.15120274914089346,0.09722222222222221,0.3389830508474576,0.44883786224653255,0.13940982186883422,0.14109629457524375,0.16391632016631927,0.0514553014553005,0.23588011088011038,0.7,0.8888888888888888,0.44160272804774103,0.17155628186396255
0.9333333333333333,0.31705176952325237,0.14018691588785046,0.19466666666666665,0.19444444444444442,0.22093023255813954,0.1415929203539823,0.12345679012345678,0.17391304347826086,0.18543046357615894,0.21390374331550802,0.22142857142857142,0.3142857142857143,0.14285714285714285,0.14948453608247422,0.1388888888888889,0.3220338983050847,0.25859591099665136,0.2626302115148109,0.39655499290033897,0.4171626984126977,0.1428571428571426,0.23388648388648345,0.5526315789473684,0.8,0.29168486058262144,0.7717296035346366
0.8666666666666667,0.1288388417665984,0.17757009345794392,0.12533333333333332,0.0,0.0,0.11504424778761062,0.1111111111111111,0.31884057971014496,0.1456953642384106,0.2352941176470588,0.02142857142857143,0.05714285714285714,0.5357142857142857,0.14776632302405499,0.1111111111111111,0.5084745762711865,0.6122437508080246,0.6326557781001058,0.06727603223674222,0.14158249158249092,1.0,0.34927048260381555,0.0,0.7222222222222222,1.0000000000000002,0.7042455691541227
0.39999999999999997,0.14741152383737932,0.1542056074766355,0.11199999999999999,0.0,0.005813953488372093,0.1592920353982301,0.19135802469135801,0.15942028985507248,0.17880794701986755,0.2032085561497326,0.02857142857142857,0.17142857142857143,0.14285714285714285,0.13917525773195877,0.125,0.3898305084745763,0.514110539268616,0.491651085352538,0.08246064500496378,0.3912841191066991,0.2456575682382133,0.3619727047146398,0.0,0.5806451612903226,0.9435835715360317,0.333407870207702
0.2,0.18967534366773908,0.13551401869158877,0.20533333333333334,0.08333333333333333,0.09883720930232558,0.17699115044247787,0.12962962962962962,0.08695652173913043,0.13245033112582782,0.13903743315508021,0.16428571428571428,0.14285714285714285,0.2857142857142857,0.13917525773195877,0.1388888888888889,0.11864406779661017,0.4118074232847807,0.26056421238430616,0.4367706608541302,0.2764992109416092,0.41662283008942635,0.34104857092758195,0.5294117647058822,0.9523809523809524,0.22649140546006075,0.5075634689877037
0.06666666666666665,0.11684703129570051,0.13551401869158877,0.18933333333333333,0.15277777777777776,0.12790697674418605,0.1327433628318584,0.09876543209876543,0.11594202898550725,0.07947019867549669,0.106951871657754,0.02142857142857143,0.11428571428571428,0.07142857142857142,0.13917525773195877,0.20833333333333331,0.15254237288135591,0.6143553155597113,0.290369057742554,0.07313323647055509,0.2997148966500357,0.14112615823235922,0.6931575196008548,0.75,0.9375,0.28644501278772405,-0.25972891697693645
0.6000000000000001,0.13702837086867503,0.1308411214953271,0.136,0.2777777777777778,0.22674418604651161,0.05309734513274336,0.043209876543209874,0.0,0.11920529801324503,0.0962566844919786,0.08571428571428572,0.08571428571428572,0.14285714285714285,0.13573883161512026,0.027777777777777776,0.1694915254237288,0.5294722257849928,0.2267174645500964,0.2809245929861306,0.2046560674886432,0.25697598961713136,0.08414449491672028,0.7692307692307692,0.8571428571428571,0.5370843989769825,0.46686532556095334
0.26666666666666666,0.1977186311787072,0.14953271028037382,0.19733333333333333,0.08333333333333333,0.14534883720930233,0.10619469026548672,0.07407407407407407,0.028985507246376812,0.019867549668874173,0.026737967914438502,0.08571428571428572,0.11428571428571428,0.03571428571428571,0.13573883161512026,0.125,0.1864406779661017,0.38343790211984563,0.009086431160313796,0.21433281533251922,0.2149795501022491,0.05061349693251523,0.2983128834355828,0.36,1.0,0.3330354666748838,0.08419819494671477
0.2,0.2497806376133372,0.1308411214953271,0.184,0.09722222222222221,0.11046511627906977,0.1592920353982301,0.13580246913580246,0.0,0.15894039735099338,0.1283422459893048,0.22142857142857142,0.34285714285714286,0.0,0.13402061855670103,0.15277777777777776,0.2711864406779661,0.2947275103772322,0.17800255886440725,0.4820080103735909,0.5456314878892735,0.0,0.3084630911188,0.5526315789473684,0.8181818181818182,0.2809364548494985,0.4885161754706749
0.9333333333333333,0.2257970166715414,0.14485981308411214,0.16533333333333333,0.06944444444444445,0.13372093023255813,0.10619469026548672,0.1111111111111111,0.17391304347826086,0.13245033112582782,0.1711229946524064,0.08571428571428572,0.17142857142857143,0.07142857142857142,0.13058419243986255,0.18055555555555555,0.423728813559322,0.31813370214357484,0.2825767038819491,0.1922302795604599,0.29364525139664766,0.0921787709497202,0.39238050900062066,0.326086956521739,0.6666666666666666,0.455891358380462,0.21250816556823127
0.8,0.1964024568587306,0.1542056074766355,0.14666666666666667,0.041666666666666664,0.05813953488372093,0.07079646017699115,0.06790123456790123,0.17391304347826086,0.19867549668874174,0.2245989304812834,0.17142857142857143,0.2857142857142857,0.07142857142857142,0.12714776632302405,0.09722222222222221,0.11864406779661017,0.3549917239599627,0.43702525256080926,0.4447821067042372,0.5399332306111965,0.10169491525423661,0.2330936483478857,0.44999999999999996,0.7272727272727273,0.6355498721227624,0.6576586434469092
0.5333333333333332,0.24042117578239247,0.1542056074766355,0.14133333333333334,0.0,0.0,0.09734513274336283,0.1419753086419753,0.21739130434782608,0.271523178807947,0.29946524064171126,0.06428571428571428,0.22857142857142856,0.21428571428571427,0.12714776632302405,0.05555555555555555,0.4067796610169491,0.28619337857308735,0.5059525740083877,0.13256311380186017,0.3741103202846972,0.2642348754448396,0.11536180308422288,0.0,0.4782608695652174,0.6745318043065756,0.7866361592680593
0.2,0.11801696402456857,0.11214953271028036,0.11199999999999999,0.0,0.0,0.22123893805309736,0.18518518518518517,0.2463768115942029,0.152317880794702,0.21390374331550802,0.06428571428571428,0.22857142857142856,0.10714285714285714,0.12027491408934707,0.15277777777777776,0.2542372881355932,0.5160076236099908,0.6070203266097697,0.23073853788401286,0.5960311835577603,0.21048901488306157,0.5054334987006849,0.0,0.8333333333333334,0.5644651722581617,0.26494844428236264
0.4666666666666666,0.22155601052939455,0.1308411214953271,0.16533333333333333,0.125,0.12790697674418605,0.07079646017699115,0.04938271604938271,0.057971014492753624,0.08609271523178809,0.0909090909090909,0.21428571428571427,0.11428571428571428,0.07142857142857142,0.12027491408934707,0.19444444444444442,0.2711864406779661,0.29053280695065187,0.12850770002640433,0.5113519877989857,0.19844266163284563,0.09344030202925904,0.4283467044203238,0.6136363636363636,1.0,0.3651165303843521,0.1697588328677163
0.2,0.19157648435214975,0.14953271028037382,0.19733333333333333,0.013888888888888888,0.040697674418604654,0.07079646017699115,0.06790123456790123,0.13043478260869565,0.2384105960264901,0.24064171122994651,0.02142857142857143,0.14285714285714285,0.07142857142857142,0.12027491408934707,0.09722222222222221,0.22033898305084745,0.33866146206757,0.481444483346103,0.04481397420046978,0.2746212121212117,0.1034482758620682,0.2371125043538835,0.2142857142857142,0.7272727272727273,0.3330354666748838,0.31461300923582614
1.0,0.2952617724480842,0.11682242990654204,0.14666666666666667,0.16666666666666666,0.18023255813953487,0.08849557522123894,0.06790123456790123,0.043478260869565216,0.10596026490066227,0.1016042780748663,0.2642857142857143,0.2857142857142857,0.03571428571428571,0.11855670103092783,0.2361111111111111,0.4745762711864407,0.19959529578365662,0.10282557617418385,0.5060572082248662,0.40078154784597736,0.03774304231795648,0.4201931630448595,0.5806451612903225,0.9090909090909092,0.36700767263427125,0.3764322056684335
0.8,0.22111728575606898,0.13551401869158877,0.136,0.0,0.005813953488372093,0.11504424778761062,0.10493827160493827,0.2463768115942029,0.23178807947019867,0.27807486631016043,0.07857142857142857,0.19999999999999998,0.14285714285714285,0.11683848797250859,0.19444444444444442,0.5254237288135594,0.27977762912846316,0.5008833331031604,0.17805281416624544,0.3477670132325143,0.1871455576559541,0.42895400126023947,0.0,0.7647058823529411,0.5728900255754477,0.3970079193252622
0.2,0.20473822755191573,0.11214953271028036,0.19466666666666665,0.15277777777777776,0.2441860465116279,0.10619469026548672,0.11728395061728394,0.043478260869565216,0.059602649006622516,0.0641711229946524,0.04285714285714285,0.08571428571428572,0.0,0.11683848797250859,0.1388888888888889,0.20338983050847456,0.3042903224182397,0.0851780934917128,0.0970180836335727,0.1573727544910178,0.0,0.32351962741184304,0.3928571428571429,0.631578947368421,0.13448942673569964,-0.10754498218143699
0.9333333333333333,0.23515647850248605,0.14485981308411214,0.13333333333333333,0.013888888888888888,0.011627906976744186,0.061946902654867256,0.05555555555555555,0.10144927536231885,0.23178807947019867,0.2245989304812834,0.24999999999999997,0.19999999999999998,0.46428571428571425,0.11512027491408935,0.1388888888888889,0.423728813559322,0.25529353440575875,0.3733584928769439,0.5725661049226387,0.33267405063291083,0.5818264014466541,0.29309825195901107,0.75,0.7777777777777778,0.6651350296935283,0.9788244945721665
0.2,0.14872769815735593,0.14485981308411214,0.11466666666666667,0.0,0.0,0.07079646017699115,0.04938271604938271,0.4057971014492754,0.0728476821192053,0.2085561497326203,0.02857142857142857,0.08571428571428572,0.21428571428571427,0.11512027491408935,0.1111111111111111,0.20338983050847456,0.40627672532388537,0.5022735971708825,0.08181992968256929,0.194555829734731,0.3664404688463908,0.31996709849886873,0.0,1.0,0.8317922486720444,0.38388764526432345
0.9333333333333333,0.31368821292775656,0.10280373831775699,0.136,0.1388888888888889,0.1511627906976744,0.12389380530973451,0.10493827160493827,0.08695652173913043,0.24503311258278146,0.22994652406417113,0.10714285714285714,0.2857142857142857,0.10714285714285714,0.11168384879725085,0.08333333333333333,0.5254237288135594,0.16562914469376364,0.2901649329534492,0.1836045650525132,0.3824117861040379,0.10803928701345913,0.14150600218261145,0.5769230769230769,0.8235294117647058,0.3222506393861895,0.6858836427013637
0.7333333333333334,0.23325533781807545,0.14485981308411214,0.13333333333333333,0.0,0.0,0.04424778761061947,0.043209876543209874,0.14492753623188406,0.09933774834437087,0.1336898395721925,0.1357142857142857,0.14285714285714285,0.07142857142857142,0.10996563573883161,0.1388888888888889,0.3898305084745763,0.24129830569914337,0.2022301645051245,0.305441264239346,0.23902910413824457,0.0900409276944065,0.2948309837805061,0.0,0.7142857142857143,0.6651350296935283,0.31138888234870643
0.5333333333333332,0.39923954372623566,0.10280373831775699,0.14133333333333334,0.20833333333333331,0.23837209302325582,0.05309734513274336,0.05555555555555555,0.028985507246376812,0.23178807947019867,0.1978609625668449,0.24999999999999997,0.6285714285714286,0.17857142857142855,0.10652920962199312,0.2222222222222222,0.4576271186440678,0.09785337426961879,0.18220468594726347,0.36879373888127115,0.6936862627474507,0.14847030593881202,0.31113777244551044,0.548780487804878,0.6666666666666666,0.2933751340648463,1.0094074514477962
0.6000000000000001,0.1810470897923369,0.10747663551401868,0.13866666666666666,0.15277777777777776,0.1744186046511628,0.061946902654867256,0.06172839506172839,0.13043478260869565,0.09933774834437087,0.1283422459893048,0.02142857142857143,0.2857142857142857,0.17857142857142855,0.10481099656357389,0.09722222222222221,0.6271186440677966,0.29921621875733195,0.24751116013424718,0.047853190271526326,0.5707111834961999,0.268729641693811,0.246380745566413,0.5499999999999998,0.7,0.3427948513689155,0.44151525914124223
0.06666666666666665,0.11991810470897923,0.08878504672897196,0.096,0.125,0.09883720930232558,0.1327433628318584,0.1111111111111111,0.0,0.059602649006622516,0.0481283422459893,0.17142857142857143,0.11428571428571428,0.10714285714285714,0.1013745704467354,0.1111111111111111,0.1864406779661017,0.41674078907770884,0.11093741721008872,0.6202373718715222,0.2952949438202244,0.20856741573033633,0.3642322097378273,0.7941176470588236,0.8333333333333334,0.47740835464620646,0.1925451442617595
0.2,0.18528809593448375,0.12149532710280372,0.11466666666666667,0.05555555555555555,0.08139534883720931,0.04424778761061947,0.030864197530864196,0.10144927536231885,0.13907284768211922,0.1497326203208556,0.049999999999999996,0.05714285714285714,0.03571428571428571,0.09965635738831614,0.09722222222222221,0.13559322033898305,0.27279065873544195,0.2903005059770811,0.12614116003134299,0.11237306253340386,0.05291288081239942,0.2425619098521286,0.42857142857142855,1.0,0.6252213259885897,0.1698964612300783
0.06666666666666665,0.06844106463878327,0.11214953271028036,0.11733333333333335,0.09722222222222221,0.10465116279069767,0.02654867256637168,0.024691358024691357,0.014492753623188406,0.10596026490066227,0.0909090909090909,0.07142857142857142,0.05714285714285714,0.0,0.09450171821305842,0.05555555555555555,0.1694915254237288,0.5607584401430461,0.34622871483226947,0.3488278398474703,0.19612873134328318,0.0,0.24191542288557158,0.5833333333333334,0.75,0.521546108188969,0.06874032872663366
0.26666666666666666,0.2124890318806668,0.07476635514018691,0.10933333333333334,0.125,0.1511627906976744,0.1504424778761062,0.12345679012345678,0.0,0.05298013245033113,0.042780748663101595,0.03571428571428571,0.05714285714285714,0.0,0.09450171821305842,0.18055555555555555,0.2711864406779661,0.21618421249029926,0.03681012420480605,0.07558265098401032,0.10221195916383,0.0,0.40973910225247134,0.5192307692307692,0.85,0.24347826086956537,-0.18718078295966548
0.5333333333333332,0.20824802573852003,0.09813084112149531,0.10400000000000001,0.08333333333333333,0.08139534883720931,0.07964601769911504,0.06172839506172839,0.043478260869565216,0.09271523178807947,0.0909090909090909,0.15,0.19999999999999998,0.14285714285714285,0.09278350515463918,0.19444444444444442,0.1864406779661017,0.21560346214190276,0.13851050716219648,0.37066461925670324,0.36285749506903314,0.19526627218934883,0.4475673898750822,0.6428571428571428,0.9,0.5012787723785168,0.24103081280467253
0.5333333333333332,0.1576484352149751,0.09345794392523364,0.13866666666666666,0.0,0.01744186046511628,0.1504424778761062,0.15432098765432098,0.057971014492753624,0.12582781456953643,0.1229946524064171,0.1857142857142857,0.45714285714285713,0.03571428571428571,0.09278350515463918,0.2222222222222222,0.22033898305084745,0.2926260967869644,0.26666338752792856,0.5642863044491423,1.0,0.058858501783590644,0.6167261196987711,0.0,0.68,0.23713890402918125,0.22853623391406586
0.8,0.27025446036852874,0.10280373831775699,0.10400000000000001,0.0,0.005813953488372093,0.09734513274336283,0.10493827160493827,0.2898550724637681,0.2185430463576159,0.28342245989304815,0.07142857142857142,0.11428571428571428,0.17857142857142855,0.08934707903780069,0.08333333333333333,0.3220338983050847,0.14102618648524193,0.4284830178078177,0.13396704947980492,0.17149265905383357,0.20187601957585563,0.15864600326264233,0.0,0.6470588235294118,0.5460358056265988,0.5696198494101024
0.8,0.17607487569464753,0.08411214953271028,0.10400000000000001,0.1111111111111111,0.13372093023255813,0.09734513274336283,0.08024691358024691,0.14492753623188406,0.12582781456953643,0.1550802139037433,0.10714285714285714,0.2571428571428571,0.10714285714285714,0.08934707903780069,0.041666666666666664,0.22033898305084745,0.24783140535463424,0.31614704770051405,0.2963079834255137,0.523299225663717,0.1642699115044248,0.10757743362831859,0.5217391304347825,0.8461538461538461,0.36700767263427125,0.6054887994376229
0.0,0.05703422053231938,0.10280373831775699,0.11199999999999999,0.05555555555555555,0.03488372093023256,0.061946902654867256,0.043209876543209874,0.043478260869565216,0.0728476821192053,0.0748663101604278,0.04285714285714285,0.05714285714285714,0.03571428571428571,0.08934707903780069,0.08333333333333333,0.01694915254237288,0.5808474002175205,0.31291784720097654,0.2290673402970322,0.21151911468812826,0.0995975855130782,0.3913480885311867,1.0,1.0,0.48021663908530177,-0.08187964918925816
0.2,0.18163205615677097,0.08878504672897196,0.09333333333333332,0.2222222222222222,0.18023255813953487,0.0,0.0,0.028985507246376812,0.05298013245033113,0.053475935828877,0.057142857142857134,0.02857142857142857,0.03571428571428571,0.08762886597938144,0.027777777777777776,0.2711864406779661,0.23293111385494905,0.07617913150918158,0.14844991140028488,0.0569474539544959,0.05362946912242657,0.0702419646081614,0.7741935483870968,0.0,0.5012787723785168,0.1877431220243071
0.2,0.13161743199766013,0.08411214953271028,0.11733333333333335,0.09722222222222221,0.13953488372093023,0.08849557522123894,0.08641975308641975,0.057971014492753624,0.09933774834437087,0.1016042780748663,0.1357142857142857,0.11428571428571428,0.17857142857142855,0.0859106529209622,0.2222222222222222,0.23728813559322032,0.31399986549622483,0.24957348163751863,0.46180728462527415,0.2795877659574463,0.3291223404255317,0.6897163120567373,0.4375,0.7142857142857143,0.2783380784635431,-0.10477531415528418
0.1333333333333333,0.18280198888563903,0.09813084112149531,0.09866666666666665,0.09722222222222221,0.09883720930232558,0.02654867256637168,0.12962962962962962,0.2608695652173913,0.059602649006622516,0.1443850267379679,0.057142857142857134,0.34285714285714286,0.6071428571428571,0.08419243986254295,0.09722222222222221,0.23728813559322032,0.21823851784930862,0.2816955724230125,0.14766721791585055,0.68042071197411,0.9077669902912616,0.24478604818410585,0.6176470588235294,0.1428571428571428,0.5479817635939066,0.8873174929508327
0.2,0.1964024568587306,0.0794392523364486,0.088,0.1111111111111111,0.11627906976744186,0.061946902654867256,0.043209876543209874,0.057971014492753624,0.07947019867549669,0.0855614973262032,0.057142857142857134,0.05714285714285714,0.0,0.07903780068728522,0.1388888888888889,0.23728813559322032,0.1816561336773113,0.13664767397685007,0.13904040409839188,0.10798664612223866,0.0,0.3329909262112649,0.6000000000000001,1.0,0.45012787723785164,-0.04392963546395623
0.7333333333333334,0.17271131909915177,0.06074766355140186,0.07733333333333334,0.06944444444444445,0.11046511627906977,0.1592920353982301,0.1728395061728395,0.14492753623188406,0.0728476821192053,0.11229946524064169,0.04285714285714285,0.05714285714285714,0.10714285714285714,0.07903780068728522,0.1111111111111111,0.4915254237288135,0.2125568961706771,0.22062524523577853,0.11296243534671707,0.11778711484593751,0.16638655462184845,0.2905695611577962,0.39473684210526316,0.6428571428571429,0.3316731727015749,0.077777421356447
0.2,0.17958467388125177,0.08878504672897196,0.12266666666666667,0.1388888888888889,0.12209302325581395,0.0,0.0,0.043478260869565216,0.12582781456953643,0.11764705882352941,0.14285714285714285,0.08571428571428572,0.07142857142857142,0.07731958762886598,0.16666666666666666,0.1864406779661017,0.19644994243934819,0.22482115616867304,0.3935365763786875,0.17214792576419133,0.10807860262008648,0.42467248908296923,0.7142857142857142,0.0,0.28644501278772405,0.03641253743173145
0.39999999999999997,0.13761333723310906,0.06542056074766354,0.10666666666666666,0.09722222222222221,0.0872093023255814,0.11504424778761062,0.09259259259259259,0.043478260869565216,0.11920529801324503,0.11229946524064169,0.12142857142857141,0.11428571428571428,0.0,0.07731958762886598,0.125,0.22033898305084745,0.2624459049872765,0.26956307002688423,0.4005163480623958,0.27216828478964356,0.0,0.3776699029126213,0.7,0.8666666666666667,0.17245158933138494,0.028868984947186982
0.1333333333333333,0.17607487569464753,0.08411214953271028,0.13866666666666666,0.08333333333333333,0.14534883720930233,0.05309734513274336,0.037037037037037035,0.028985507246376812,0.1456953642384106,0.1283422459893048,0.06428571428571428,0.19999999999999998,0.10714285714285714,0.07731958762886598,0.08333333333333333,0.2711864406779661,0.20116597472958972,0.253941131100896,0.17284025078442256,0.4070105088495573,0.1642699115044248,0.21515486725663718,0.36,1.0,0.1667016058026919,0.3234413287518549
0.26666666666666666,0.23895875987130738,0.06542056074766354,0.09066666666666667,0.06944444444444445,0.09302325581395349,0.12389380530973451,0.12345679012345678,0.14492753623188406,0.13245033112582782,0.160427807486631,0.04285714285714285,0.22857142857142856,0.14285714285714285,0.07560137457044673,0.041666666666666664,0.2542372881355932,0.12661328752905257,0.24731472783130315,0.08343004582449023,0.37578194816800725,0.176943699731903,0.08690795352993735,0.46875,0.7,0.2764527448997801,0.5385978520801293
0.2,0.14843521497513892,0.06542056074766354,0.10933333333333334,0.1388888888888889,0.20348837209302326,0.07079646017699115,0.06172839506172839,0.057971014492753624,0.1456953642384106,0.13903743315508021,0.057142857142857134,0.11428571428571428,0.10714285714285714,0.07388316151202749,0.05555555555555555,0.2542372881355932,0.22830134822460815,0.3223945350625264,0.17388249435829212,0.25972822730080214,0.18344657195799863,0.1601811817994641,0.42857142857142855,0.8,0.15754475703324833,0.2964661339686651
0.6666666666666667,0.14112313541971336,0.07476635514018691,0.07999999999999999,0.041666666666666664,0.05813953488372093,0.08849557522123894,0.08641975308641975,0.14492753623188406,0.10596026490066227,0.13903743315508021,0.02142857142857143,0.05714285714285714,0.2857142857142857,0.07216494845360824,0.1388888888888889,0.4915254237288135,0.23295608234468426,0.3356770888203176,0.06191077525028737,0.1340025493945186,0.5047801147227525,0.41321436158912256,0.44999999999999996,0.7142857142857143,0.4737359826873895,0.15911591158028632
0.4666666666666666,0.27902895583503945,0.07009345794392523,0.10666666666666666,0.125,0.16279069767441862,0.04424778761061947,0.04938271604938271,0.21739130434782608,0.2516556291390728,0.28342245989304815,0.07142857142857142,0.17142857142857143,0.10714285714285714,0.070446735395189,0.1111111111111111,0.4406779661016949,0.08108422968170437,0.4159934870833405,0.12998043276569982,0.2510947452229297,0.11823248407643247,0.20647558386411838,0.4821428571428571,0.625,0.21629521373766925,0.4556854742626141
0.2,0.14375548405966654,0.06074766355140186,0.07733333333333334,0.08333333333333333,0.11046511627906977,0.10619469026548672,0.08641975308641975,0.11594202898550725,0.08609271523178809,0.11229946524064169,0.04285714285714285,0.14285714285714285,0.07142857142857142,0.070446735395189,0.09722222222222221,0.3220338983050847,0.22091760447114703,0.25993045942882403,0.1311656768809919,0.3312066792690612,0.12476370510396938,0.28596933417349274,0.47368421052631576,0.8571428571428571,0.3316731727015749,0.15710899100233056
0.1333333333333333,0.08467388125182801,0.08411214953271028,0.06933333333333333,0.0,0.0,0.061946902654867256,0.04938271604938271,0.043478260869565216,0.0728476821192053,0.0748663101604278,0.014285714285714287,0.02857142857142857,0.0,0.06872852233676975,0.1111111111111111,0.20338983050847456,0.34041277955326454,0.24784148078343565,0.061409665366159875,0.08886306001690622,0.0,0.43843336151028467,0.0,0.875,0.7161125319693096,-0.22463838335108277
0.2,0.14068441064638781,0.07009345794392523,0.07200000000000001,0.0,0.0,0.10619469026548672,0.11728395061728394,0.2608695652173913,0.2781456953642384,0.32085561497326204,0.049999999999999996,0.17142857142857143,0.17857142857142855,0.06701030927835051,0.15277777777777776,0.3389830508474576,0.21061655454965897,0.8248690992381821,0.15712426438183158,0.4027777777777776,0.31609195402298784,0.4554065559812687,0.0,0.631578947368421,0.5012787723785168,0.3194635658624719
0.06666666666666665,0.11640830652237494,0.08411214953271028,0.07999999999999999,0.013888888888888888,0.023255813953488372,0.04424778761061947,0.06172839506172839,0.31884057971014496,0.06622516556291391,0.1711229946524064,0.06428571428571428,0.22857142857142856,0.03571428571428571,0.06701030927835051,0.08333333333333333,0.1694915254237288,0.25442170698576305,0.48399638380531185,0.23281029235295256,0.6007142857142855,0.07071428571428531,0.2778571428571425,0.375,0.5,0.5839071414518986,0.2754791317266443
0.06666666666666665,0.07663059374085987,0.06542056074766354,0.07466666666666666,0.09722222222222221,0.09883720930232558,0.061946902654867256,0.06790123456790123,0.07246376811594203,0.11258278145695363,0.11764705882352941,0.02142857142857143,0.08571428571428572,0.14285714285714285,0.06701030927835051,0.125,0.13559322033898305,0.3540697261393102,0.42405887181587976,0.0989931199139828,0.2795877659574463,0.35106382978723394,0.5172872340425533,0.6176470588235294,0.6363636363636364,0.41418400497684404,-0.0978303037727104
0.1333333333333333,0.07326703714536412,0.07476635514018691,0.058666666666666666,0.027777777777777776,0.03488372093023256,0.05309734513274336,0.043209876543209874,0.10144927536231885,0.05298013245033113,0.0802139037433155,0.02142857142857143,0.02857142857142857,0.07142857142857142,0.06357388316151202,0.041666666666666664,0.1016949152542373,0.3429299422573593,0.2923568030353569,0.10173922465716984,0.0951357466063348,0.17918552036199084,0.17601809954751116,0.5,0.8571428571428571,0.7438330170777991,0.11518541584894154
0.26666666666666666,0.054840596665691715,0.06074766355140186,0.07466666666666666,0.09722222222222221,0.11627906976744186,0.061946902654867256,0.06172839506172839,0.057971014492753624,0.07947019867549669,0.0855614973262032,0.014285714285714287,0.05714285714285714,0.10714285714285714,0.06357388316151202,0.041666666666666664,0.20338983050847456,0.4075071214974433,0.36511117367770046,0.0810697161043063,0.21475995914198132,0.30337078651685395,0.19867211440245147,0.5249999999999999,0.7,0.3561208267090621,0.11533419913456638
0.2,0.14360924246855802,0.06074766355140186,0.08533333333333332,0.08333333333333333,0.09302325581395349,0.07079646017699115,0.06172839506172839,0.014492753623188406,0.046357615894039736,0.042780748663101595,0.07857142857142857,0.02857142857142857,0.0,0.06357388316151202,0.09722222222222221,0.06779661016949153,0.19075851605299007,0.075779620658207,0.24856089892370462,0.06628310214375718,0.0,0.28614964270701926,0.5625,0.8,0.2654856216081345,-0.08816975840621716
0.6000000000000001,0.05293945598128105,0.051401869158878497,0.03733333333333333,0.0,0.0,0.1504424778761062,0.19753086419753085,0.30434782608695654,0.1456953642384106,0.22994652406417113,0.014285714285714287,0.05714285714285714,0.10714285714285714,0.061855670103092786,0.1111111111111111,0.2542372881355932,0.4026513211550261,1.0,0.08260399897840784,0.21765010351966876,0.3074534161490683,0.5369220151828846,0.0,0.53125,0.7347937284554658,-0.0995682429400716
0.2,0.11055864287803449,0.05607476635514018,0.064,0.08333333333333333,0.09302325581395349,0.07079646017699115,0.04938271604938271,0.043478260869565216,0.09271523178807947,0.0909090909090909,0.014285714285714287,0.02857142857142857,0.03571428571428571,0.060137457044673534,0.09722222222222221,0.1864406779661017,0.2311259654838201,0.25291656306278465,0.04913042454991746,0.07729779411764616,0.07279411764705797,0.3337009803921568,0.5625,1.0,0.40362706347361077,-0.09059449338421516
0.2,0.08394267329628544,0.06542056074766354,0.07200000000000001,0.09722222222222221,0.09302325581395349,0.02654867256637168,0.018518518518518517,0.043478260869565216,0.08609271523178809,0.0855614973262032,0.007142857142857143,0.0,0.0,0.060137457044673534,0.05555555555555555,0.3389830508474576,0.2913729798427611,0.28748374419434036,0.030226984049579735,0.0,0.0,0.22014714204866956,0.65625,1.0,0.44160272804774103,-0.06585461573941898
0.6000000000000001,0.0988593155893536,0.05607476635514018,0.058666666666666666,0.06944444444444445,0.0872093023255814,0.07079646017699115,0.04938271604938271,0.10144927536231885,0.11920529801324503,0.1336898395721925,0.07857142857142857,0.14285714285714285,0.10714285714285714,0.058419243986254296,0.08333333333333333,0.20338983050847456,0.2460814517061952,0.4152099698854058,0.3158570410936866,0.41064453125000017,0.23203125000000005,0.30390625000000004,0.5,1.0,0.466628165992905,0.2355961059459572
0.06666666666666665,0.10631763673588765,0.07476635514018691,0.09333333333333332,0.0,0.03488372093023256,0.04424778761061947,0.04938271604938271,0.08695652173913043,0.11258278145695363,0.1229946524064171,0.014285714285714287,0.19999999999999998,0.17857142857142855,0.058419243986254296,0.08333333333333333,0.23728813559322032,0.2305666485268433,0.3618831183123745,0.05091857039278167,0.5528737791134484,0.3719008264462802,0.29226145755071337,0.0,0.625,0.3548012090211581,0.2583076750671912
0.4666666666666666,0.13775957882421758,0.05607476635514018,0.07466666666666666,0.09722222222222221,0.12790697674418605,0.04424778761061947,0.05555555555555555,0.057971014492753624,0.12582781456953643,0.1229946524064171,0.02857142857142857,0.22857142857142856,0.17857142857142855,0.056701030927835044,0.06944444444444445,0.20338983050847456,0.16861832453943673,0.2984268111736888,0.0873871628633569,0.5439844760672706,0.3201811125485119,0.20968089693833522,0.4772727272727273,0.5555555555555556,0.29805764844128024,0.3758294038537401
0.06666666666666665,0.09315589353612164,0.04205607476635513,0.064,0.06944444444444445,0.0872093023255814,0.10619469026548672,0.09876543209876543,0.043478260869565216,0.10596026490066227,0.1016042780748663,0.09999999999999999,0.19999999999999998,0.07142857142857142,0.054982817869415807,0.09722222222222221,0.1016949152542373,0.23938145458069685,0.3224729032000079,0.41675783702541785,0.5929693795326352,0.15954875100725224,0.36569970453935,0.5,0.75,0.20832364566379924,0.14780129576657985
0.1333333333333333,0.14126937701082184,0.07009345794392523,0.05066666666666666,0.0,0.0,0.035398230088495575,0.06790123456790123,0.2463768115942029,0.08609271523178809,0.160427807486631,0.04285714285714285,0.17142857142857143,0.3214285714285714,0.05326460481099657,0.05555555555555555,0.22033898305084745,0.14825867121839267,0.3927118332018528,0.13294260979084682,0.4017515923566876,0.567515923566879,0.16518046709129497,0.0,0.3636363636363636,0.8081841432225068,0.5711500177184712
0.2,0.08832992102954079,0.06542056074766354,0.064,0.08333333333333333,0.0755813953488372,0.0,0.0,0.07246376811594203,0.17880794701986755,0.1711229946524064,0.04285714285714285,0.08571428571428572,0.10714285714285714,0.05326460481099657,0.08333333333333333,0.15254237288135591,0.24028193644556842,0.5759288424536209,0.18265225602742305,0.26107201986754963,0.24586092715231778,0.3220198675496687,0.6923076923076923,0.0,0.5338293420134854,0.13950257837568358
0.2,0.08540508920737055,0.046728971962616814,0.05333333333333334,0.06944444444444445,0.0755813953488372,0.07079646017699115,0.05555555555555555,0.057971014492753624,0.019867549668874173,0.0374331550802139,0.08571428571428572,0.08571428571428572,0.03571428571428571,0.05154639175257732,0.041666666666666664,0.22033898305084745,0.236855265106608,0.11386262260990447,0.37418549829004033,0.26546717171717127,0.08333333333333318,0.1637205387205384,0.5769230769230769,0.8888888888888888,0.3901578622453481,0.14103840850582905
0.26666666666666666,0.09725065808715999,0.05607476635514018,0.06133333333333333,0.05555555555555555,0.05232558139534883,0.04424778761061947,0.030864197530864196,0.028985507246376812,0.026490066225165563,0.03208556149732621,0.06428571428571428,0.17142857142857143,0.0,0.05154639175257732,0.041666666666666664,0.15254237288135591,0.21159911051945116,0.08284299768930685,0.2602438597856679,0.49704491725768285,0.0,0.1532702915681634,0.6666666666666666,1.0,0.43414322250639414,0.17420097049758795
0.6666666666666667,0.1722725943258262,0.051401869158878497,0.07200000000000001,0.027777777777777776,0.0755813953488372,0.061946902654867256,0.04938271604938271,0.07246376811594203,0.06622516556291391,0.0802139037433155,0.16428571428571428,0.05714285714285714,0.0,0.04810996563573883,0.1111111111111111,0.20338983050847456,0.09143450037542858,0.14541938389276332,0.46813737565329466,0.11798540965207543,0.0,0.2910587355031796,0.2307692307692307,0.875,0.2625745950554137,0.050659761068809206
0.7333333333333334,0.11991810470897923,0.05607476635514018,0.056,0.013888888888888888,0.01744186046511628,0.04424778761061947,0.04938271604938271,0.2463768115942029,0.059602649006622516,0.13903743315508021,0.014285714285714287,0.11428571428571428,0.21428571428571427,0.04639175257731959,0.08333333333333333,0.3898305084745763,0.1458865400565835,0.37947127291315874,0.0454418974412741,0.2952949438202244,0.4171348314606737,0.27317415730337047,0.5,0.625,0.5012787723785168,0.25005200920254905
0.6666666666666667,0.0756069026031003,0.04205607476635513,0.047999999999999994,0.1111111111111111,0.11627906976744186,0.035398230088495575,0.037037037037037035,0.07246376811594203,0.0728476821192053,0.0855614973262032,0.014285714285714287,0.08571428571428572,0.14285714285714285,0.04639175257731959,0.08333333333333333,0.1016949152542373,0.22824821903524192,0.30690217195966096,0.06662789558648122,0.28133363068688627,0.3532560214094555,0.34701159678858157,0.6000000000000001,0.6666666666666666,0.38192668371696514,0.020216063789897765
0.2,0.08189529102076631,0.04205607476635513,0.058666666666666666,0.027777777777777776,0.05813953488372093,0.07964601769911504,0.06790123456790123,0.11594202898550725,0.046357615894039736,0.0802139037433155,0.07857142857142857,0.14285714285714285,0.39285714285714285,0.044673539518900345,0.1111111111111111,0.288135593220339,0.20359431819854154,0.2727525423062787,0.35061681427795244,0.45156786941580773,0.9355670103092784,0.4455899198167236,0.30000000000000004,0.8181818181818182,0.2587245276792346,0.28871742896210884
0.0,0.05103831529687042,0.046728971962616814,0.04533333333333333,0.06944444444444445,0.08139534883720931,0.035398230088495575,0.037037037037037035,0.0,0.0,0.0,0.02142857142857143,0.08571428571428572,0.0,0.044673539518900345,0.06944444444444445,0.08474576271186442,0.2838360480509474,0.0,0.12321995529487595,0.3309286463798529,0.0,0.3401538999650225,0.5357142857142856,0.6666666666666666,0.5012787723785168,-0.18858067162252296
0.4666666666666666,0.181924539338988,0.03271028037383178,0.07200000000000001,0.1111111111111111,0.1511627906976744,0.05309734513274336,0.037037037037037035,0.014492753623188406,0.09933774834437087,0.0855614973262032,0.1357142857142857,0.19999999999999998,0.07142857142857142,0.0429553264604811,0.08333333333333333,0.05084745762711865,0.06293009798626037,0.14902587089651864,0.3697115993679806,0.3982007575757569,0.10714285714285694,0.2104978354978351,0.46153846153846156,1.0,0.023870417732310467,0.3019324339012444
0.5333333333333332,0.026031003217314996,0.046728971962616814,0.042666666666666665,0.0,0.0,0.05309734513274336,0.04938271604938271,0.11594202898550725,0.046357615894039736,0.0802139037433155,0.049999999999999996,0.0,0.07142857142857142,0.03951890034364261,0.05555555555555555,0.1016949152542373,0.3343934774347773,0.45210913549088105,0.34767392846289863,0.0,0.2531969309462908,0.3316283034953108,0.0,0.75,0.5442455242966755,-0.08268999360047047
0.26666666666666666,0.03407429072828312,0.03738317757009346,0.047999999999999994,0.05555555555555555,0.06976744186046512,0.05309734513274336,0.037037037037037035,0.028985507246376812,0.0,0.010695187165775399,0.057142857142857134,0.14285714285714285,0.0,0.03951890034364261,0.041666666666666664,0.15254237288135591,0.3019836946223724,0.06683286869803061,0.36711385160678467,0.6279868578255671,0.0,0.23237753882915152,0.5,1.0,0.3023586246092641,0.023280034346066264
0.06666666666666665,0.056595495758993836,0.03271028037383178,0.06666666666666665,0.027777777777777776,0.06976744186046512,0.061946902654867256,0.04938271604938271,0.10144927536231885,0.013245033112582783,0.0481283422459893,0.014285714285714287,0.11428571428571428,0.14285714285714285,0.034364261168384876,0.013888888888888888,0.22033898305084745,0.1938873246018258,0.20066122998106184,0.07968918307033998,0.4243188698284562,0.3995963673057517,0.06542213252606761,0.2499999999999999,0.875,0.05897397322100206,0.26710684262952766
0.06666666666666665,0.03158818367943843,0.03738317757009346,0.04,0.06944444444444445,0.09302325581395349,0.017699115044247787,0.012345679012345678,0.057971014492753624,0.0,0.0213903743315508,0.0,0.05714285714285714,0.03571428571428571,0.034364261168384876,0.027777777777777776,0.1864406779661017,0.267440642056308,0.12503833416666327,0.012432578621444146,0.2564024390243901,0.12073170731707308,0.15813008130081288,0.46875,1.0,0.41176470588235303,-0.006781689341738811
0.2,0.021643755484059668,0.03738317757009346,0.03733333333333333,0.05555555555555555,0.06976744186046512,0.0,0.0,0.028985507246376812,0.013245033112582783,0.0213903743315508,0.08571428571428572,0.05714285714285714,0.03571428571428571,0.029209621993127148,0.05555555555555555,0.13559322033898305,0.25790206059590537,0.14488224753050188,0.6102312610980751,0.2795877659574463,0.13164893617021248,0.34485815602836867,0.5,0.0,0.454575781163127,-0.115636886895502
0.39999999999999997,0.04577361801696403,0.028037383177570093,0.02133333333333333,0.027777777777777776,0.03488372093023256,0.04424778761061947,0.043209876543209874,0.057971014492753624,0.033112582781456956,0.0481283422459893,0.08571428571428572,0.11428571428571428,0.03571428571428571,0.027491408934707903,0.06944444444444445,0.05084745762711865,0.16977458519244334,0.22447302840637684,0.49450264258329574,0.45856052344601966,0.10796074154852779,0.35350781533987635,0.5,0.7142857142857143,0.5644651722581617,-0.03443181753324709
0.1333333333333333,0.008628253875402156,0.028037383177570093,0.024,0.09722222222222221,0.0755813953488372,0.0,0.0,0.0,0.006622516556291393,0.005347593582887701,0.0,0.02857142857142857,0.03571428571428571,0.027491408934707903,0.013888888888888888,0.01694915254237288,0.295663220369359,0.07522343888528159,0.023176749830339752,0.15855957767722428,0.14932126696832534,0.09778783308195042,0.8076923076923077,0.0,0.5012787723785168,0.0033742668989295566
0.2,0.04387247733255337,0.02336448598130841,0.03733333333333333,0.013888888888888888,0.029069767441860465,0.061946902654867256,0.05555555555555555,0.2028985507246377,0.08609271523178809,0.1443850267379679,0.007142857142857143,0.02857142857142857,0.0,0.02577319587628866,0.06944444444444445,0.1016949152542373,0.16116703419383724,0.6769413639782984,0.04937251814333148,0.11628871681415863,0.0,0.3585914454277284,0.30000000000000004,0.7777777777777778,0.1743578338707884,-0.16029643735189933
0.1333333333333333,0.028809593448376705,0.02336448598130841,0.03733333333333333,0.06944444444444445,0.09883720930232558,0.02654867256637168,0.024691358024691357,0.028985507246376812,0.019867549668874173,0.026737967914438502,0.02142857142857143,0.0,0.0,0.02577319587628866,0.0,0.11864406779661017,0.20231450860265135,0.1583257446871011,0.1528531729661185,0.0,0.0,0.0,0.4411764705882352,0.75,0.1743578338707884,0.061828202408953994
0.0,0.043579994150336365,0.028037383177570093,0.04533333333333333,0.05555555555555555,0.0755813953488372,0.017699115044247787,0.012345679012345678,0.014492753623188406,0.019867549668874173,0.0213903743315508,0.007142857142857143,0.02857142857142857,0.03571428571428571,0.02577319587628866,0.06944444444444445,0.08474576271186442,0.16187654976875085,0.10508830361906056,0.04955502772594927,0.11654656319290421,0.10975609756097517,0.3593865484109385,0.46153846153846156,1.0,0.17076529608498925,-0.25273692089838873
0.39999999999999997,0.0,0.02336448598130841,0.010666666666666665,0.041666666666666664,0.03488372093023256,0.035398230088495575,0.024691358024691357,0.0,0.019867549668874173,0.0160427807486631,0.02142857142857143,0.02857142857142857,0.03571428571428571,0.024054982817869414,0.041666666666666664,0.11864406779661017,0.3001479004262311,0.16627610426381845,0.21345105026239747,0.17404801324503236,0.16390728476821118,0.3220198675496687,0.75,1.0,0.7491638795986624,-0.1728031268904045
0.2,0.06683240713658964,0.028037383177570093,0.04533333333333333,0.027777777777777776,0.06395348837209303,0.02654867256637168,0.024691358024691357,0.043478260869565216,0.013245033112582783,0.026737967914438502,0.04285714285714285,0.02857142857142857,0.03571428571428571,0.024054982817869414,0.027777777777777776,0.11864406779661017,0.1024566822670275,0.09639189539260808,0.21252215166153107,0.09908105560791648,0.09330819981149802,0.12221174992145761,0.2727272727272727,0.75,0.17076529608498925,0.02028542233962452
0.06666666666666665,0.022082480257385198,0.02336448598130841,0.02933333333333333,0.027777777777777776,0.046511627906976744,0.035398230088495575,0.030864197530864196,0.014492753623188406,0.019867549668874173,0.0213903743315508,0.02857142857142857,0.05714285714285714,0.03571428571428571,0.02233676975945017,0.05555555555555555,0.06779661016949153,0.19238916526103836,0.14393140945346555,0.21345105026239747,0.27847682119205247,0.13112582781456875,0.34348785871964665,0.375,0.8,0.28644501278772405,-0.17976695799446785
0.06666666666666665,0.046212342790289546,0.028037383177570093,0.04,0.041666666666666664,0.0755813953488372,0.008849557522123894,0.018518518518518517,0.0,0.059602649006622516,0.0481283422459893,0.007142857142857143,0.02857142857142857,0.0,0.02233676975945017,0.013888888888888888,0.13559322033898305,0.1293997596813846,0.22343318591638767,0.047941008199666756,0.1142663043478261,0.0,0.07047101449275361,0.34615384615384603,0.3333333333333333,0.2327365728900257,0.014076805408147042
0.26666666666666666,0.06010529394559813,0.02336448598130841,0.024,0.05555555555555555,0.05813953488372093,0.008849557522123894,0.006172839506172839,0.028985507246376812,0.05298013245033113,0.053475935828877,0.04285714285714285,0.05714285714285714,0.0,0.020618556701030924,0.05555555555555555,0.1694915254237288,0.09054821504106048,0.21584536976264723,0.22364651318156129,0.20714285714285677,0.0,0.2555008210180619,0.6000000000000001,1.0,0.38192668371696514,-0.07936512449089447
0.2,0.018133957297455386,0.014018691588785045,0.032,0.027777777777777776,0.05232558139534883,0.05309734513274336,0.037037037037037035,0.0,0.013245033112582783,0.010695187165775399,0.014285714285714287,0.0,0.03571428571428571,0.018900343642611686,0.027777777777777776,0.06779661016949153,0.1723022703869405,0.0909753012399188,0.12037777098088215,0.0,0.13598901098901064,0.17811355311355268,0.3333333333333333,1.0,0.04092071611253212,-0.10043902262067422
0.2,0.03173442527054693,0.028037383177570093,0.016,0.0,0.0,0.008849557522123894,0.012345679012345678,0.10144927536231885,0.09933774834437087,0.11764705882352941,0.007142857142857143,0.08571428571428572,0.07142857142857142,0.01718213058419244,0.09722222222222221,0.2542372881355932,0.12011249839425045,0.6179328769529849,0.057693932523526954,0.3841352009744211,0.24116930572472603,0.5527811611855459,0.0,0.5,0.7161125319693096,-0.2451249958047615
0.06666666666666665,0.05820415326118747,0.02336448598130841,0.024,0.0,0.0,0.017699115044247787,0.030864197530864196,0.13043478260869565,0.10596026490066227,0.1336898395721925,0.049999999999999996,0.02857142857142857,0.14285714285714285,0.015463917525773196,0.08333333333333333,0.1694915254237288,0.05769672095165118,0.5566020937819915,0.26410615295624706,0.10491516966067783,0.39520958083832325,0.3882235528942111,0.0,0.4,0.38192668371696514,-0.03144182087298203
0.2,0.02983328458613628,0.009345794392523366,0.024,0.0,0.023255813953488372,0.061946902654867256,0.04938271604938271,0.08695652173913043,0.03973509933774835,0.0641711229946524,0.007142857142857143,0.02857142857142857,0.10714285714285714,0.013745704467353952,0.013888888888888888,0.1864406779661017,0.09476615271039338,0.35100699700287424,0.05915214053074457,0.13010519801980125,0.36757425742574235,0.08023927392739226,0.0,0.875,0.023870417732310467,0.13844467738976485
0.2,0.010968119333138349,0.014018691588785045,0.024,0.027777777777777776,0.05813953488372093,0.008849557522123894,0.006172839506172839,0.028985507246376812,0.013245033112582783,0.0213903743315508,0.02857142857142857,0.08571428571428572,0.03571428571428571,0.010309278350515462,0.027777777777777776,0.1016949152542373,0.10744238946834936,0.1706090225014667,0.2410293520221384,0.46446980854197334,0.1458026509572894,0.19096710849288137,0.30000000000000004,1.0,0.14322250639386203,-0.01657204620607905
0.1333333333333333,0.003217315004387253,0.009345794392523366,0.0,0.0,0.0,0.035398230088495575,0.06790123456790123,0.043478260869565216,0.026490066225165563,0.0374331550802139,0.03571428571428571,0.02857142857142857,0.21428571428571427,0.008591065292096217,0.041666666666666664,0.2711864406779661,0.11073173537133355,0.30084399473511286,0.32365759832364677,0.16793130990415248,0.94888178913738,0.3107028753993606,0.0,0.3636363636363636,0.6206308610400684,-0.00926443654250425
0.2,0.01155308569757238,0.0,0.0,0.041666666666666664,0.05232558139534883,0.0,0.0,0.014492753623188406,0.0,0.005347593582887701,0.007142857142857143,0.05714285714285714,0.0,0.0,0.027777777777777776,0.0,0.0,0.07025607605241922,0.07600635798098984,0.30783308931185877,0.0,0.18984870668618792,0.5,0.0,0.14322250639386203,-0.12021539881758593
0.6000000000000001,0.0007312079555425455,0.004672897196261683,0.016,0.013888888888888888,0.046511627906976744,0.0,0.0,0.0,0.033112582781456956,0.026737967914438502,0.04285714285714285,0.05714285714285714,0.0,0.0,0.041666666666666664,0.13559322033898305,0.01929887071727679,0.23800661059261957,0.3947037243808658,0.34523809523809523,0.0,0.3193760262725776,0.1875,0.0,0.0,-0.20396516116187743
